state,region,year,public,hwy,water,other,private,gsp,emp,unemp,lpcap
1,6,1970,15032.67,8.8991575,7.4119673,8.7080116,10.48553,10.254778,6.9182005,4.6999998,9.617981
1,6,1971,15501.94,8.9261112,7.4506726,8.7411337,10.526746,10.287899,6.929419,5.1999998,9.6487207
1,6,1972,15972.41,8.9574356,7.4757643,8.7706299,10.562827,10.351469,6.977561,4.6999998,9.6786184
1,6,1973,16406.26,8.9755869,7.4630246,8.8182144,10.598733,10.417209,7.0348282,3.9000001,9.7054186
1,6,1974,16762.67,8.9903822,7.4586763,8.8539925,10.646789,10.426706,7.0645881,5.5,9.7269096
1,6,1975,17316.26,9.0067825,7.4686675,8.9100132,10.691301,10.4224,7.0522017,7.6999998,9.7594013
1,6,1976,17732.859,9.0153217,7.4953976,8.9496155,10.8242,10.484697,7.0958934,6.8000002,9.7831745
1,6,1977,18111.93,9.0318918,7.5202942,8.9747639,10.841246,10.531109,7.146142,7.4000001,9.8043261
1,6,1978,18479.74,9.0490723,7.5809598,8.9882698,10.870548,10.595735,7.1978097,6.3000002,9.8244305
1,6,1979,18881.49,9.0642281,7.6410408,9.0068731,10.90643,10.620815,7.2167096,7.0999999,9.8459377
1,6,1980,19012.34,9.0668745,7.6678691,9.0131483,10.943573,10.60609,7.212368,8.8000002,9.8528433
1,6,1981,19118.52,9.0628643,7.7047715,9.0204849,10.941676,10.623885,7.2060804,11,9.8584127
1,6,1982,19118.25,9.0647526,7.7033868,9.0188484,10.968573,10.604801,7.1796889,14,9.8583984
1,6,1983,19122,9.0609665,7.710165,9.0214329,10.983494,10.651241,7.1920314,14,9.8585949
1,6,1984,19257.471,9.0660009,7.7120681,9.0319757,10.992838,10.717036,7.2354031,11,9.865654
1,6,1985,19433.359,9.07409,7.7200313,9.0424061,11.013502,10.754685,7.2633996,8.8999996,9.8747463
1,6,1986,19723.369,9.0840101,7.7445655,9.0596504,11.028886,10.787441,7.2884493,9.8000002,9.8895597
2,8,1970,10148.42,8.4243784,7.3950276,8.2849455,10.068408,9.867238,6.3051801,4.4000001,9.2250729
2,8,1971,10560.54,8.4557371,7.394702,8.3502483,10.123619,9.9541807,6.3654389,4.6999998,9.2648792
2,8,1972,10977.53,8.4862881,7.3868303,8.415185,10.168105,10.055737,6.4712639,4.1999998,9.303606
2,8,1973,11598.26,8.5098581,7.4072447,8.5145741,10.214812,10.136344,6.5715828,4.0999999,9.3586102
2,8,1974,12129.06,8.5313683,7.4253578,8.5903864,10.269153,10.154168,6.6147256,5.5999999,9.4033594
2,8,1975,12929.06,8.5493526,7.4758325,8.6996431,10.31703,10.123225,6.5918107,12,9.4672327
2,8,1976,13603.89,8.5659494,7.5550838,8.7708473,10.288211,10.167427,6.6316066,9.8000002,9.5181112
2,8,1977,14175.42,8.5864296,7.587554,8.8310547,10.31137,10.24388,6.6961699,8.1999998,9.5592651
2,8,1978,14812.04,8.6070337,7.6198716,8.8961401,10.346232,10.34374,6.7972708,6.0999999,9.6031952
2,8,1979,15547.62,8.6310787,7.6650457,8.963418,10.385217,10.432438,6.8874507,5.0999999,9.6516628
2,8,1980,16344.9,8.6517906,7.6804709,9.0429716,10.427326,10.454725,6.921658,6.6999998,9.7016716
2,8,1981,17088.301,8.6683769,7.7255154,9.1057396,10.501971,10.470051,6.9477448,6.0999999,9.7461491
2,8,1982,17650.57,8.6858387,7.7736788,9.143652,10.527609,10.422371,6.93712,9.8999996,9.7785234
2,8,1983,18108.24,8.7028208,7.8293839,9.1669102,10.540854,10.490246,6.9826775,9.1000004,9.804122
2,8,1984,18792.09,8.7162819,7.8535194,9.2218599,10.553988,10.596885,7.0748787,5,9.8411913
2,8,1985,19414.85,8.7455244,7.914753,9.2490768,10.577626,10.677062,7.1535211,6.5,9.8737936
2,8,1986,20212.42,8.7877388,7.9804173,9.2813463,10.696236,10.737657,7.198782,6.9000001,9.914053
3,7,1970,7613.2598,8.2018604,6.4692349,8.1078825,9.8908901,9.6416035,6.2845073,5,8.9376469
3,7,1971,7982.0298,8.2125549,6.4794769,8.2006836,9.9348154,9.6913462,6.3117347,5.4000001,8.9849482
3,7,1972,8309.0098,8.2374926,6.5050364,8.258544,9.9638996,9.7814331,6.3656111,4.5999999,9.0250959
3,7,1973,8399.5898,8.2673903,6.5392389,8.2461872,9.9829464,9.8429413,6.4208088,4.0999999,9.0359383
3,7,1974,8512.0498,8.2905407,6.5884037,8.242609,10.027289,9.8671865,6.4625611,4.8000002,9.0492382
3,7,1975,8651.2598,8.3068819,6.610023,8.2576714,10.065576,9.8534565,6.4358296,9.5,9.0654602
3,7,1976,8921.9102,8.3393574,6.6351328,8.2878122,10.171933,9.9172421,6.49224,7.0999999,9.0962658
3,7,1977,9234.8496,8.3702049,6.6765041,8.32477,10.193052,9.9716129,6.5447745,6.5999999,9.1307392
3,7,1978,9374.54,8.3906498,6.7105355,8.330348,10.219337,10.045985,6.5967364,6.4000001,9.1457529
3,7,1979,9554.8301,8.4080944,6.7560368,8.345788,10.253941,10.064798,6.6192727,6.1999998,9.1648016
3,7,1980,9705.2402,8.4187775,6.7916818,8.3625212,10.291349,10.052339,6.6097536,7.5999999,9.1804209
3,7,1981,9872.8701,8.4357052,6.8207583,8.3773499,10.349325,10.091377,6.6067853,9.1000004,9.197546
3,7,1982,9919.3496,8.4513741,6.8089509,8.3737688,10.373764,10.063137,6.57939,9.8000002,9.2022429
3,7,1983,9861.7598,8.4473457,6.8396263,8.3581829,10.385469,10.102953,6.6084056,10,9.1964197
3,7,1984,9754.5498,8.4455614,6.8401184,8.3346109,10.39285,10.185352,6.6595502,8.8999996,9.1854887
3,7,1985,9675.4697,8.4423189,6.8533411,8.3160877,10.411192,10.209464,6.6809802,8.6999998,9.1773491
3,7,1986,9787.2002,8.4452047,6.8676205,8.3365917,10.400903,10.245942,6.7017145,8.6999998,9.1888304
4,9,1970,128545.36,10.668056,9.7890444,11.123532,12.059843,12.483451,8.8459501,7.1999998,11.764037
4,9,1971,132263.33,10.709257,9.8227129,11.142542,12.105502,12.489747,8.8417377,8.8000002,11.79255
4,9,1972,134451.52,10.737386,9.8423471,11.150408,12.142003,12.546676,8.8832102,7.5999999,11.808959
5,8,1970,11402.52,8.390089,7.6801896,8.4834871,10.073642,10.153818,6.6203399,4.4000001,9.3415899
5,8,1971,11682.06,8.4196949,7.6807342,8.5132513,10.134075,10.216143,6.6682281,4,9.3658094
5,8,1972,12010.91,8.4674969,7.6655145,8.5408783,10.166243,10.29634,6.7678032,3.5999999,9.3935709
5,8,1973,12473.28,8.513629,7.699131,8.5725613,10.21784,10.386438,6.8416157,3.4000001,9.431344
5,8,1974,12964.14,8.5455341,7.7460799,8.6139421,10.266856,10.405444,6.8666205,3.8,9.4699421
5,8,1975,13483.92,8.5608482,7.8096552,8.6650143,10.306931,10.422073,6.8705726,6.9000001,9.5092535
5,8,1976,14090.24,8.5788717,7.8700171,8.7249422,10.453944,10.469455,6.9111495,5.9000001,9.5532379
5,8,1977,14736.89,8.6058979,7.9183774,8.7835169,10.466413,10.530201,6.9642301,6.1999998,9.5981092
5,8,1978,15240.49,8.6302519,7.9682918,8.8179035,10.49719,10.6096,7.0475173,5.5999999,9.631711
5,8,1979,15711.11,8.649272,8.032156,8.8431463,10.536744,10.667024,7.1049652,4.8000002,9.6621237
5,8,1980,16272.57,8.6598883,8.0939178,8.8861589,10.580251,10.689396,7.1317782,5.9000001,9.6972361
5,8,1981,16692.711,8.6691446,8.1787338,8.8967028,10.728999,10.707617,7.1664205,5.5,9.7227278
5,8,1982,17027.51,8.6735163,8.221221,8.9176407,10.758127,10.720002,7.1828079,7.6999998,9.7425852
5,8,1983,17388.99,8.6789465,8.2684393,8.9375181,10.773192,10.747702,7.1908269,6.5999999,9.7635927
5,8,1984,17785.25,8.6899357,8.2941217,8.967268,10.786695,10.806328,7.2458692,5.5999999,9.7861252
5,8,1985,18327.109,8.7090521,8.3316031,9.0016603,10.815636,10.836045,7.2574964,5.9000001,9.8161364
5,8,1986,18889.539,8.7240124,8.3756847,9.036047,10.76817,10.854778,7.2501388,7.4000001,9.846364
6,1,1970,15865.66,8.886981,7.6998878,8.7672386,10.089235,10.568235,7.0879912,5.5999999,9.6719122
6,1,1971,16559.99,8.8973045,7.7860699,8.8306761,10.132511,10.558803,7.0598755,8.8999996,9.7147446
6,1,1972,17346.789,8.910243,7.8794961,8.8951912,10.173193,10.597559,7.0820446,8.1999998,9.7611628
6,1,1973,17803.119,8.921607,7.9161363,8.9319267,10.214715,10.649156,7.1218176,5.6999998,9.7871294
6,1,1974,18225.199,8.9294024,7.9658928,8.9610386,10.269273,10.641297,7.1420364,6.1999998,9.8105602
6,1,1975,18686.779,8.9340019,8.0154362,8.9963923,10.319104,10.593379,7.1093893,9.1000004,9.8355713
6,1,1976,18871.061,8.9342365,8.0404892,9.0093975,10.226601,10.629247,7.1226249,9.5,9.8453846
6,1,1977,18798.539,8.9228878,8.0605116,9.0033054,10.249497,10.668397,7.1564107,7,9.8415346
6,1,1978,18566.24,8.9027386,8.0690384,8.9897099,10.282165,10.710945,7.2049665,5.3000002,9.8291006
6,1,1979,18487.061,8.8920708,8.1001434,8.9769001,10.323823,10.73657,7.2427979,5.0999999,9.8248262
6,1,1980,18385.98,8.8807249,8.1277761,8.9627399,10.368607,10.735288,7.2631893,5.9000001,9.8193436
6,1,1981,18271.34,8.868392,8.1305952,8.9581118,10.370225,10.766315,7.2714953,6.1999998,9.8130894
6,1,1982,18030.08,8.8560982,8.1232405,8.9412985,10.403275,10.763018,7.2652898,6.9000001,9.7997971
6,1,1983,17739.881,8.8478355,8.1116037,8.9156542,10.424319,10.831589,7.2769022,6,9.7835703
6,1,1984,17494.359,8.8379326,8.1018114,8.8960667,10.446954,10.917213,7.3267946,4.5999999,9.7696342
6,1,1985,17317.131,8.8337021,8.1056242,8.8738098,10.48616,10.972722,7.3539143,4.9000001,9.7594519
6,1,1986,17290.609,8.8361034,8.1060772,8.8675575,10.606913,11.030849,7.3803806,3.8,9.7579184
7,5,1970,4250.9502,7.6396184,5.4563036,7.569293,8.7173777,8.8338995,5.3789754,4.8000002,8.3548975
7,5,1971,4405.9102,7.6385498,5.4402943,7.6490588,8.7579756,8.9091005,5.4156556,5.6999998,8.3907022
7,5,1972,4560.71,7.6522131,5.4535675,7.7060819,8.7952261,8.9655905,5.4484601,4.6999998,8.4252338
7,5,1973,4725.1201,7.6619411,5.6484108,7.7473378,8.83813,9.0599823,5.4781356,4.5999999,8.4606485
7,5,1974,4927.52,7.6941605,5.7817307,7.7864313,8.8906641,8.9589262,5.4514675,6,8.5025911
7,5,1975,4988.3701,7.6950574,5.8570185,7.8002572,8.9390602,8.939188,5.4376445,9.6999998,8.5148649
7,5,1976,4959.8701,7.6785207,5.8822074,7.799696,8.9497795,8.9947929,5.4667935,8.8999996,8.5091352
7,5,1977,4958.4702,7.6773772,5.9917393,7.7829781,8.9677277,9.0255756,5.4756265,8.3999996,8.508853
7,5,1978,4954.21,7.6661701,6.0889316,7.7741747,8.9997368,9.0347958,5.5126219,7.5,8.5079927
7,5,1979,4936.9102,7.6515527,6.1781721,7.7625494,9.0402584,9.0312138,5.5479083,8,8.5044947
7,5,1980,4868.7402,7.6358981,6.1910529,7.7446303,9.0837994,9.0118895,5.5576,7.6999998,8.4905901
7,5,1981,4825.9702,7.6256633,6.1973195,7.7338586,9.110467,9.0292978,5.5576,7.9000001,8.4817667
7,5,1982,4786.3701,7.6201067,6.1898441,7.7230406,9.1407461,9.0401449,5.5576,8.5,8.4735279
7,5,1983,4768.1699,7.6156778,6.1789188,7.7213178,9.1576529,9.0918941,5.5838723,8.1000004,8.469718
7,5,1984,4743.8599,7.6193609,6.1806374,7.706748,9.1727018,9.1428108,5.6347895,6.1999998,8.4646063
7,5,1985,4731.4902,7.622478,6.1957922,7.6949391,9.2024326,9.1797781,5.6815367,5.3000002,8.4619951
7,5,1986,4716.73,7.6266479,6.1985397,7.6836476,9.2737846,9.217515,5.7143927,4.3000002,8.4588709
8,5,1970,29696.859,9.4432201,8.3368435,9.4649572,10.953925,11.151109,7.6741996,4.4000001,10.298797
8,5,1971,30683.09,9.4629354,8.362402,9.5124054,11.006059,11.200541,7.7303505,4.9000001,10.331467
8,5,1972,32089.119,9.5048151,8.3705587,9.5712862,11.048887,11.306061,7.8292723,4.5,10.376272
8,5,1973,33480.988,9.5467911,8.3589897,9.6299,11.103938,11.417482,7.9297023,4.3000002,10.418733
8,5,1974,34650.289,9.5878801,8.362112,9.6666031,11.162697,11.431314,7.9599047,6.1999998,10.453061
8,5,1975,36103.75,9.6208019,8.399785,9.7161036,11.209245,11.402017,7.918046,11,10.494152
8,5,1976,37942.609,9.6510782,8.4608364,9.7800798,11.375919,11.418142,7.9317517,9,10.54383
8,5,1977,39393.891,9.6671762,8.5949821,9.8091068,11.393011,11.466348,7.983849,8.1999998,10.581366
8,5,1978,40859.398,9.6794119,8.719945,9.838975,11.424286,11.543105,8.0648251,6.5999999,10.617892
8,5,1979,42107.129,9.6940508,8.7987127,9.8658161,11.462773,11.600213,8.1259861,6,10.647972
8,5,1980,43192.98,9.7085524,8.8534298,9.8902445,11.505383,11.642698,8.1820564,5.9000001,10.673433
8,5,1981,44311.68,9.7246523,8.9133711,9.9112644,11.594384,11.679668,8.225771,6.8000002,10.699003
8,5,1982,45492,9.7381973,8.963748,9.9390697,11.625074,11.680987,8.2326794,8.1999998,10.725292
8,5,1983,47116.82,9.7574415,9.0098848,9.9828005,11.643529,11.74659,8.2701159,8.6000004,10.760386
8,5,1984,48538.98,9.775527,9.0459242,10.019372,11.664936,11.824607,8.3438396,6.3000002,10.790122
8,5,1985,50336.629,9.7918901,9.0788088,10.07243,11.701226,11.885668,8.3916302,6,10.826488
8,5,1986,52309.371,9.8141127,9.1239157,10.120502,11.818003,11.933404,8.4336815,5.6999998,10.864931
9,5,1970,18270.439,8.9870958,7.646244,9.0092611,10.635802,10.671394,7.3508372,4.0999999,9.8130398
9,5,1971,19275.619,9.0134945,7.6724925,9.0953817,10.685857,10.724104,7.37957,3.9000001,9.8665962
9,5,1972,20167.449,9.0399532,7.6804204,9.1662359,10.72333,10.807746,7.4355559,4.0999999,9.9118252
9,5,1973,21015.051,9.0683174,7.7264595,9.2174616,10.766842,10.874721,7.4969296,3.9000001,9.9529943
9,5,1974,21882.27,9.1054382,7.8319902,9.245533,10.819175,10.866471,7.510704,5,9.993432
9,5,1975,22713.539,9.1261816,7.9364705,9.2801666,10.864021,10.837618,7.470623,8.6000004,10.030717
9,5,1976,23556.369,9.1532955,8.0161104,9.3130302,10.938233,10.905387,7.5170317,8.1000004,10.067151
9,5,1977,24124.15,9.1719646,8.0637016,9.3346443,10.950668,10.969663,7.5634084,6.9000001,10.090969
9,5,1978,24622.131,9.184598,8.083477,9.3618402,10.979218,11.028531,7.6256437,5.6999998,10.111401
9,5,1979,25631.199,9.2158022,8.1159897,9.4115543,11.016438,11.0639,7.662703,5.0999999,10.151566
9,5,1980,26685.369,9.2388992,8.1494513,9.4676285,11.05629,11.070007,7.6775856,6.4000001,10.191871
9,5,1981,27546.85,9.2592812,8.18155,9.5082865,11.120443,11.102729,7.6955762,6.4000001,10.223643
9,5,1982,28209.029,9.2704983,8.2078323,9.5410395,11.146889,11.10895,7.6968942,7.8000002,10.247397
9,5,1983,28996.859,9.3043566,8.2450428,9.5611649,11.162463,11.177243,7.7317114,7.5,10.274942
9,5,1984,29702.75,9.3268995,8.2679214,9.5866976,11.17919,11.274631,7.8033123,6,10.298995
9,5,1985,30068.26,9.3319311,8.2756205,9.6056461,11.211545,11.332135,7.8515835,6.5,10.311225
9,5,1986,30991.33,9.3556213,8.3000889,9.6423473,11.332102,11.394446,7.8907323,5.9000001,10.341463
10,8,1970,3410.22,7.6934772,5.589344,6.8550611,9.1271839,8.8783579,5.336576,5.8000002,8.134532
10,8,1971,3579.6699,7.7304735,5.5470119,6.9532256,9.1578331,8.8894463,5.3803582,6.3000002,8.1830263
10,8,1972,3676.22,7.7637525,5.5129042,6.9797411,9.1856785,8.9743652,5.4659481,6.1999998,8.2096405
10,8,1973,3737.6599,7.7828822,5.4679756,7.0044374,9.2352228,9.0302563,5.5282378,5.5999999,8.2262154
10,8,1974,3813.9399,7.8107743,5.4313612,7.01969,9.2803946,9.1016407,5.5864992,6,8.246418
10,8,1975,3942.3701,7.8365278,5.4374704,7.0742102,9.317812,9.1159201,5.6094718,6.1999998,8.2795372
10,8,1976,4105.5801,7.8489609,5.5212207,7.1643801,9.4255962,9.180809,5.6733232,5.6999998,8.3201027
10,8,1977,4255.8398,7.8658209,5.605361,7.2278876,9.433341,9.2070351,5.7281499,6.0999999,8.3560476
10,8,1978,4398.0498,7.891398,5.6670494,7.2687111,9.4582453,9.2898903,5.8030243,5.5999999,8.388917
10,8,1979,4522.1899,7.9102163,5.6995735,7.3122001,9.492816,9.2987175,5.8230457,5.5999999,8.4167519
10,8,1980,4605.7002,7.9159465,5.7813916,7.3400893,9.5303326,9.3058319,5.7990928,7.9000001,8.43505
10,8,1981,4667.3101,7.9205375,5.820261,7.3632798,9.5330734,9.3019161,5.7924037,7.5,8.4483385
10,8,1982,4699.9502,7.9190836,5.8503041,7.3798566,9.5482616,9.2526331,5.7436442,9.8999996,8.455307
10,8,1983,4710.0298,7.9217968,5.8852148,7.3737698,9.5488558,9.29459,5.7617369,9.8000002,8.4574499
10,8,1984,4769.7598,7.9355087,5.9296956,7.3771024,9.5503082,9.3291893,5.8006067,7.1999998,8.4700508
10,8,1985,4819.3198,7.9508653,5.9478784,7.3767333,9.5673618,9.3771248,5.817111,8,8.4803877
10,8,1986,4890.9199,7.9676509,6.0073624,7.3767834,9.5187187,9.3649483,5.7936234,8.6999998,8.4951353
11,3,1970,52197.488,10.068275,8.7580891,10.010218,11.651477,11.889936,8.3769188,4.0999999,10.86279
11,3,1971,53805.621,10.079189,8.7916536,10.059844,11.693438,11.90836,8.3655329,5.0999999,10.893133
11,3,1972,55540.359,10.110614,8.8062353,10.096661,11.729967,11.947386,8.3698063,5.0999999,10.924865
11,3,1973,57288.301,10.144399,8.8258524,10.127916,11.771545,12.002272,8.4044495,4.0999999,10.955852
11,3,1974,58984.18,10.158366,8.8688354,10.168582,11.822557,11.993652,8.421937,4.5,10.985024
11,3,1975,60139.25,10.168497,8.9013968,10.193474,11.867509,11.96633,8.3936462,7.0999999,11.004418
11,3,1976,61104.398,10.178285,8.9257002,10.213039,11.855319,12.002192,8.4263268,6.5,11.020339
11,3,1977,62200.828,10.197482,8.9450197,10.229033,11.893316,12.035444,8.4458046,6.1999998,11.038123
11,3,1978,63096.48,10.21465,8.9878187,10.232477,11.924077,12.065471,8.4740353,6,11.052421
11,3,1979,63642.809,10.212707,9.0468035,10.236534,11.96242,12.065759,8.4929008,5.5,11.061042
11,3,1980,64003.031,10.212352,9.1102343,10.22984,12.003684,12.018067,8.4867954,8.3000002,11.066686
11,3,1981,64549.301,10.21853,9.1615324,10.226272,11.922973,12.019917,8.4621668,8.5,11.075185
11,3,1982,65064.199,10.224429,9.2319059,10.213824,11.949929,11.981541,8.432354,11,11.08313
11,3,1983,64751.988,10.221323,9.2530203,10.197386,11.964611,11.988265,8.4186096,11,11.07832
11,3,1984,64460.25,10.225228,9.2577705,10.180512,11.979096,12.064521,8.4494066,9.1000004,11.073804
11,3,1985,64487.379,10.233208,9.2622633,10.171331,12.012455,12.092304,8.4670153,9,11.074224
11,3,1986,64726.051,10.243581,9.26651,10.167647,11.990395,12.12187,8.474432,8.1000004,11.077919
12,3,1970,20813.65,9.0943642,7.942668,9.1153517,11.061104,10.946746,7.5224004,5,9.9433641
12,3,1971,21665.6,9.1204433,7.9792018,9.1701164,11.090241,10.977466,7.5181184,5.6999998,9.9834814
12,3,1972,22368.039,9.1475382,7.9827371,9.2150106,11.12318,11.028628,7.5610695,4.5,10.015388
12,3,1973,23230.939,9.1794987,7.9887094,9.267396,11.158958,11.105469,7.6148548,4.1999998,10.05324
12,3,1974,23652.301,9.2017012,7.9787016,9.2891674,11.204345,11.071517,7.6164804,5.9000001,10.071216
12,3,1975,23945.551,9.2141447,7.9836245,9.3033648,11.249263,11.021902,7.5713191,8.6000004,10.083538
12,3,1976,24259.119,9.2280188,8.0122366,9.3113708,11.221719,11.089485,7.6127324,6.0999999,10.096548
12,3,1977,24506.311,9.2504339,8.0110598,9.3131781,11.257749,11.139424,7.6563373,5.6999998,10.106686
12,3,1978,24639.619,9.2609329,8.0151224,9.314188,11.286816,11.180483,7.6987095,5.6999998,10.112111
12,3,1979,24744.99,9.2625532,8.0335808,9.3170605,11.323484,11.185074,7.7125778,6.4000001,10.116379
12,3,1980,24799.68,9.2661562,8.0526915,9.3132048,11.362245,11.126233,7.6636424,9.6000004,10.118586
12,3,1981,24976.641,9.2704544,8.0740728,9.3189163,11.294327,11.129247,7.6565261,10,10.125696
12,3,1982,25108.789,9.2703724,8.1008892,9.3230152,11.318872,11.067294,7.6148052,12,10.130973
12,3,1983,24983.98,9.2646494,8.0968571,9.3184538,11.330919,11.085383,7.6155448,11,10.12599
12,3,1984,24835.6,9.2574139,8.1050177,9.309514,11.33794,11.170083,7.6602559,8.6000004,10.120033
12,3,1985,24905.939,9.2622356,8.124506,9.3053846,11.360353,11.20357,7.6818371,7.9000001,10.122862
12,3,1986,24924.85,9.2655106,8.1247931,9.3038731,11.374284,11.237488,7.7060728,6.8000002,10.123621
13,4,1970,14728.51,9.0693378,7.2280254,8.4480877,10.416325,10.280999,6.7763929,3.7,9.5975399
13,4,1971,15311.03,9.0968342,7.2802563,8.5036354,10.457932,10.285752,6.7829852,4.1999998,9.6363287
13,4,1972,15657.48,9.120862,7.3185792,8.518259,10.487012,10.346858,6.815969,3.5999999,9.6587038
13,4,1973,16006.47,9.1510572,7.3188376,8.5318098,10.537253,10.428157,6.8682866,2.9000001,9.680748
13,4,1974,16159.2,9.1665621,7.3251491,8.5310049,10.583057,10.422013,6.906755,3,9.6902447
13,4,1975,16414.32,9.177557,7.3574033,8.5504503,10.622997,10.445172,6.9064546,4.3000002,9.7059097
13,4,1976,16766.52,9.1870747,7.427834,8.5781622,10.68896,10.484362,6.9439907,4,9.7271395
13,4,1977,17166.76,9.2051325,7.5080795,8.5934095,10.750422,10.526132,6.9839754,4,9.7507305
13,4,1978,17407.43,9.2142315,7.5868287,8.5934839,10.778488,10.573545,7.0203695,4,9.7646523
13,4,1979,17722.68,9.2214994,7.656569,8.6117706,10.812829,10.593204,7.031476,4.0999999,9.7826004
13,4,1980,17928.92,9.2285099,7.6723671,8.6300573,10.849925,10.569238,7.0120254,5.8000002,9.7941704
13,4,1981,18050.52,9.2290363,7.6753373,8.6494923,10.77866,10.612262,6.9926476,6.9000001,9.80093
13,4,1982,18141.76,9.2289553,7.6651912,8.669239,10.793405,10.535664,6.948801,8.5,9.8059721
13,4,1983,18240.5,9.2288733,7.6889224,8.6775112,10.794081,10.489523,6.9473605,8.1000004,9.8113995
13,4,1984,18203.48,9.2299309,7.7198095,8.6574955,10.794292,10.563698,6.9797969,7,9.8093681
13,4,1985,18288.609,9.2385769,7.7492709,8.6451187,10.815405,10.580099,6.9793315,8,9.8140335
13,4,1986,18436.18,9.249321,7.780654,8.6384974,10.673826,10.607203,6.9789591,7,9.8220701
14,4,1970,11115.57,8.6976509,7.2789187,8.20994,10.410539,10.177742,6.5203266,4.8000002,9.316102
14,4,1971,11595.03,8.7157326,7.3235602,8.2893734,10.437553,10.201738,6.5188522,5.5,9.3583317
14,4,1972,11854.06,8.7365637,7.331584,8.3186932,10.459173,10.251677,6.5757728,4,9.3804255
14,4,1973,12137.4,8.7591228,7.322319,8.3558903,10.496238,10.291671,6.637651,3.0999999,9.404047
14,4,1974,12412.46,8.7777901,7.3411598,8.3851328,10.534457,10.292349,6.6720328,3.5,9.4264565
14,4,1975,12792.34,8.7861204,7.3773527,8.444663,10.566902,10.293162,6.6861105,4.5999999,9.4566021
14,4,1976,13023.89,8.7991219,7.3981681,8.4685221,10.628196,10.330551,6.7271919,4.1999998,9.4745407
14,4,1977,13386.6,8.8178234,7.4334893,8.505394,10.627311,10.342774,6.7696419,4.0999999,9.5020094
14,4,1978,13726.24,8.8292236,7.4715281,8.5444136,10.652019,10.380715,6.8161879,3,9.5270643
14,4,1979,14157.68,8.8339844,7.516542,8.6044531,10.684866,10.42466,6.8530879,3.4000001,9.558013
14,4,1980,14479.94,8.8421469,7.5440307,8.6430664,10.720658,10.399525,6.8508673,4.5,9.5805197
14,4,1981,14855.02,8.8563347,7.5771375,8.6798677,10.776011,10.425461,6.8561463,4.1999998,9.6060934
14,4,1982,15082.15,8.8684359,7.6099367,8.6927986,10.811129,10.412922,6.8258944,6.3000002,9.6212673
14,4,1983,15062.88,8.8749628,7.6274762,8.6756229,10.813532,10.423411,6.8261113,6.0999999,9.6199884
14,4,1984,15116.06,8.8787317,7.6598501,8.6685295,10.818963,10.479595,6.8677664,5.1999998,9.6235132
14,4,1985,15145.49,8.885005,7.6879697,8.6553383,10.840322,10.50671,6.8751287,5,9.6254578
14,4,1986,15216.66,8.8971062,7.7109132,8.6435242,10.846367,10.539615,6.8924384,5.4000001,9.630146
15,6,1970,16035.09,9.1073446,7.4423523,8.5767841,10.326323,10.379163,6.8135543,5,9.6825352
15,6,1971,16706.92,9.1356649,7.4450088,8.6508789,10.367936,10.412592,6.8367963,5.5,9.7235785
15,6,1972,17169.23,9.1702042,7.4434767,8.6748734,10.404097,10.473082,6.8959861,4.8000002,9.7508745
15,6,1973,17697.131,9.2111807,7.4519267,8.6937561,10.435279,10.526882,6.9456291,4.4000001,9.7811575
15,6,1974,18263.75,9.2469339,7.4806819,8.7189236,10.484078,10.530975,6.9715748,4.5,9.8126736
15,6,1975,18624.449,9.2596798,7.5531344,8.7342339,10.528524,10.510995,6.9637575,7.3000002,9.8322306
15,6,1976,18945.26,9.267477,7.6108379,8.7542067,10.635556,10.574849,7.0058799,5.5999999,9.849309
15,6,1977,19294.6,9.2781582,7.6615224,8.7746086,10.668628,10.624663,7.0460377,4.6999998,9.8675804
15,6,1978,19572.859,9.2882128,7.6823716,8.7938004,10.701055,10.671232,7.0982928,5.1999998,9.8818989
15,6,1979,19948.68,9.3072739,7.7170043,8.8075619,10.738198,10.696209,7.127212,5.5999999,9.900918
15,6,1980,20585.01,9.338501,7.7677674,8.832655,10.776421,10.660478,7.0983758,8,9.9323187
15,6,1981,21116.391,9.3691511,7.7834282,8.8529139,10.778622,10.682697,7.0867381,8.3999996,9.9578047
15,6,1982,21308.34,9.3871374,7.7791448,8.8514071,10.802468,10.652211,7.0567784,11,9.9668541
15,6,1983,21162.34,9.3933363,7.7685547,8.8230886,10.814178,10.661204,7.0495152,12,9.9599781
15,6,1984,21032.34,9.3973427,7.7622771,8.7987251,10.821113,10.736353,7.1015115,9.3000002,9.9538164
15,6,1985,21052.49,9.4068632,7.7644572,8.7834702,10.84223,10.752634,7.1311388,9.5,9.9547739
15,6,1986,20959.34,9.4041843,7.7572093,8.7767677,10.857293,10.768527,7.1499953,9.3000002,9.9503393
16,7,1970,19638.311,9.199419,7.8863897,8.8658934,11.490705,11.045574,6.9408031,6.5999999,9.8852377
16,7,1971,20066.641,9.2264748,7.9138794,8.8775215,11.507751,11.079847,6.9621487,7,9.9068136
16,7,1972,20887.68,9.2488108,7.9266639,8.9522572,11.515917,11.118979,7.0287333,6.0999999,9.9469147
16,7,1973,21408.199,9.2691946,7.9132357,8.9957571,11.526201,11.113939,7.0699592,6,9.971529
16,7,1974,21787.15,9.2878466,7.9061494,9.0200682,11.549854,11.080895,7.1072617,6.6999998,9.9890757
16,7,1975,22175.859,9.3041582,7.9089384,9.0443754,11.576507,11.052919,7.1304989,7.4000001,10.00676
16,7,1976,22682.17,9.3302155,7.9442902,9.05826,11.516503,11.102518,7.1811357,6.8000002,10.029334
16,7,1977,23389.41,9.3617001,7.985219,9.0845547,11.541821,11.130332,7.2186165,7,10.060039
16,7,1978,24102.461,9.39112,8.0232277,9.1127214,11.576604,11.187486,7.2885861,7,10.090069
16,7,1979,24446.119,9.4032784,8.0418892,9.1279974,11.618027,11.2075,7.3247538,6.6999998,10.104227
16,7,1980,24568.449,9.4015942,8.0370522,9.1449804,11.671018,11.229395,7.3644838,6.6999998,10.109219
16,7,1981,24789.76,9.4057341,8.0284815,9.165843,11.67769,11.255993,7.3966422,8.3999996,10.118186
16,7,1982,25087,9.4143305,8.0400953,9.1820679,11.731688,11.235102,7.3821244,10,10.130105
16,7,1983,25422.961,9.429327,8.0468636,9.1953096,11.764542,11.191825,7.3557687,12,10.143408
16,7,1984,25932.73,9.459177,8.0535088,9.2065935,11.776287,11.229886,7.378696,10,10.163261
16,7,1985,26477.789,9.4827375,8.0751066,9.2235746,11.800359,11.208802,7.3722439,12,10.184061
16,7,1986,26617.471,9.4933901,8.0940819,9.2173891,11.810245,11.134706,7.3254781,13,10.189323
17,1,1970,3868.8701,7.6992941,6.1793747,7.0727525,9.1383209,9.0874949,5.805737,5.6999998,8.2607174
17,1,1971,3999.8601,7.721539,6.2045174,7.1296659,9.1677046,9.1003027,5.8060379,7.5999999,8.2940149
17,1,1972,4167.6099,7.7558017,6.2257457,7.1906157,9.2009172,9.1536646,5.8397694,7,8.3350983
17,1,1973,4272.2598,7.7946463,6.2454863,7.1921897,9.2355642,9.2052269,5.8715544,5.9000001,8.3598986
17,1,1974,4394.3301,7.8180923,6.3094635,7.2148132,9.2824707,9.2079372,5.8902621,6.6999998,8.3880701
17,1,1975,4529.8599,7.8301315,6.3621311,7.2690039,9.3258543,9.1769905,5.8774557,10,8.4184465
17,1,1976,4593.6602,7.8313832,6.4143929,7.2893987,9.3072081,9.2643547,5.9277258,8.8999996,8.4324322
17,1,1977,4662.8398,7.8327203,6.5121465,7.291513,9.3238096,9.2979851,5.9604897,8.3999996,8.4473801
17,1,1978,4813.6802,7.836524,6.7601714,7.25806,9.3495855,9.344347,6.0053673,6.1999998,8.4792175
17,1,1979,4931.1299,7.8406434,6.8915443,7.2480488,9.386775,9.3728848,6.0304446,7.1999998,8.5033236
17,1,1980,4991.8701,7.8453183,6.9309735,7.2546306,9.4258223,9.3699903,6.0361986,7.8000002,8.5155659
17,1,1981,5009.0498,7.8474112,6.9476681,7.2508059,9.3702116,9.3937445,6.0383482,7.1999998,8.519002
17,1,1982,4976.6001,7.8387218,6.9401546,7.2490158,9.4005537,9.400878,6.0294828,8.6000004,8.5125027
17,1,1983,4952.9902,7.839994,6.9309444,7.2365913,9.4180489,9.4582157,6.0520892,9,8.5077467
17,1,1984,4941.7402,7.8386035,6.9251628,7.2352805,9.4315481,9.5216417,6.0996461,6.0999999,8.5054731
17,1,1985,4942.5498,7.8347368,6.9441547,7.2288237,9.458539,9.5636702,6.1277423,5.4000001,8.5056362
17,1,1986,4939.7002,7.8380513,6.9512744,7.2152181,9.5410271,9.6195316,6.1683545,5.3000002,8.5050602
18,5,1970,19145.01,8.9182367,8.3205576,8.9320326,10.279029,10.668281,7.2072673,3.3,9.8597975
18,5,1971,20023.609,8.9568939,8.3312511,9.0009508,10.329774,10.694465,7.2236605,4.1999998,9.9046669
18,5,1972,21126.689,9.0108595,8.3346853,9.0790062,10.372373,10.739023,7.2548847,4.6999998,9.958292
18,5,1973,22060.789,9.0343723,8.3655863,9.1460905,10.416717,10.794009,7.2940373,3.5,10.001557
18,5,1974,23017.84,9.0749731,8.3943996,9.1964102,10.473468,10.789608,7.3089447,3.7,10.044024
18,5,1975,24189.5,9.1147804,8.4419889,9.2556095,10.522339,10.773755,7.2993245,6.9000001,10.093674
18,5,1976,25322.85,9.1407976,8.512104,9.3074694,10.465653,10.804218,7.3120866,6.8000002,10.139462
18,5,1977,26238.15,9.1706457,8.554327,9.3447094,10.487798,10.829867,7.3431673,6.0999999,10.17497
18,5,1978,26910.221,9.1915312,8.5691423,9.3783894,10.520518,10.865077,7.3937554,5.5999999,10.200261
18,5,1979,27644.439,9.2055111,8.6042862,9.4122715,10.561728,10.874342,7.4332528,5.9000001,10.22718
18,5,1980,28081.961,9.2121391,8.6228495,9.4340239,10.606519,10.865917,7.4453006,6.5,10.242883
18,5,1981,28715.84,9.2221031,8.6505051,9.4637794,10.610982,10.882396,7.4476347,7.3000002,10.265204
18,5,1982,28850.43,9.226284,8.6635246,9.4651241,10.641712,10.870148,7.424046,8.3999996,10.26988
18,5,1983,29101.83,9.2554121,8.6616192,9.462182,10.659364,10.920944,7.4524603,6.9000001,10.278556
18,5,1984,29214.119,9.275095,8.6453629,9.4619875,10.680378,10.984021,7.5032897,5.4000001,10.282408
18,5,1985,29451.52,9.2914848,8.690484,9.4462166,10.717062,11.037772,7.5431676,4.5999999,10.290501
18,5,1986,29577.461,9.304121,8.681407,9.4495096,10.804826,11.0884,7.5766096,4.5,10.294768
19,1,1970,21923.279,9.0527372,7.7143202,9.3184032,10.54317,11.073319,7.7157927,4.5999999,9.9953041
19,1,1971,23177.83,9.0905724,7.7677126,9.3879433,10.589787,11.08638,7.7013812,6.5999999,10.050952
19,1,1972,24385.09,9.1074829,7.8402381,9.4588957,10.632518,11.128674,7.7194409,6.4000001,10.101727
19,1,1973,25765.211,9.1086578,7.9212089,9.5451641,10.677956,11.168687,7.7551246,6.6999998,10.15678
19,1,1974,27100.33,9.1132412,7.9597545,9.6265669,10.735158,11.14121,7.7637439,7.1999998,10.207301
19,1,1975,28204.279,9.1176281,7.9998598,9.6871443,10.78356,11.104175,7.7289,11,10.247229
19,1,1976,28752.82,9.1161833,8.070487,9.7082481,10.714963,11.134108,7.7508302,9.5,10.266491
19,1,1977,29171.971,9.1158209,8.1216021,9.7236109,10.737737,11.174063,7.7898684,8.1000004,10.280964
19,1,1978,29202.119,9.1186237,8.1507854,9.7179031,10.769842,11.20606,7.8345113,6.0999999,10.281997
19,1,1979,29455.5,9.1236763,8.2209654,9.7152023,10.811036,11.22764,7.8646121,5.5,10.290636
19,1,1980,29999.211,9.121088,8.2978992,9.7313719,10.856349,11.22909,7.8831449,5.5999999,10.308927
19,1,1981,30166.119,9.1153889,8.3466539,9.7324562,10.899444,11.257904,7.8891969,6.4000001,10.314475
19,1,1982,30190.869,9.1134491,8.3612061,9.7313023,10.932945,11.253715,7.8777761,7.9000001,10.315295
19,1,1983,30221.77,9.1087694,8.3711586,9.7331123,10.955079,11.32042,7.8982253,6.9000001,10.316318
19,1,1984,30352.689,9.1084719,8.3850365,9.7374439,10.979936,11.415136,7.9557056,4.8000002,10.320641
19,1,1985,30497.51,9.105444,8.4010077,9.7434235,11.021579,11.479348,7.9813914,3.9000001,10.3254
19,1,1986,30795.561,9.1032848,8.4248457,9.7556753,11.150149,11.53546,8.0012884,3.8,10.335126
20,3,1970,44684.82,9.7939472,9.0336609,9.8189869,11.347531,11.534413,8.0060339,6.6999998,10.707389
20,3,1971,45993.77,9.8113031,9.0554037,9.8621616,11.383124,11.581668,8.0046997,7.5999999,10.736261
20,3,1972,46772.91,9.8213863,9.0991096,9.8731327,11.419046,11.642523,8.0452356,7,10.753059
20,3,1973,47923.551,9.8434439,9.1649609,9.8798475,11.454263,11.719867,8.0969086,5.8000002,10.777362
20,3,1974,48793.43,9.86063,9.199008,9.8906641,11.503607,11.659585,8.0948668,8.6999998,10.795351
20,3,1975,49789.59,9.8728828,9.2184086,9.9189377,11.549366,11.601092,8.0508947,13,10.815561
20,3,1976,50687.488,9.8828659,9.2334528,9.9456787,11.555322,11.694655,8.0965128,9.3999996,10.833434
20,3,1977,51302.34,9.8934736,9.2465963,9.9585629,11.577656,11.769728,8.1438951,8.1999998,10.845491
20,3,1978,51494.34,9.9025002,9.2447701,9.9600468,11.608196,11.814858,8.1912966,6.9000001,10.849227
20,3,1979,51707.359,9.9036293,9.2578211,9.9626179,11.647777,11.796938,8.1989422,7.8000002,10.853355
20,3,1980,51922.352,9.903307,9.2727737,9.9656048,11.690218,11.706516,8.1440401,12,10.857505
20,3,1981,52276.398,9.9046926,9.2965403,9.9689026,11.62934,11.681453,8.1210051,12,10.864301
20,3,1982,51955.879,9.8975353,9.2834539,9.9672155,11.660581,11.595675,8.0688105,16,10.85815
20,3,1983,51305.621,9.8891106,9.2665806,9.952877,11.679336,11.646223,8.0780993,14,10.845555
20,3,1984,50724.551,9.8784485,9.2671289,9.9347334,11.693403,11.727118,8.125927,11,10.834166
20,3,1985,50392.789,9.872921,9.2486382,9.9332638,11.72197,11.786131,8.1779375,9.8999996,10.827603
20,3,1986,49879.289,9.8618412,9.2279882,9.9290123,11.737259,11.823589,8.2044802,8.8000002,10.817361
21,4,1970,21948.43,9.2383766,8.2114124,8.9848642,10.67562,10.639071,7.1818199,4.1999998,9.9964504
21,4,1971,23056.359,9.2813482,8.2269506,9.0571938,10.717366,10.656483,7.1779351,4.4000001,10.045697
21,4,1972,24023.529,9.3069801,8.2403193,9.1289282,10.75541,10.694736,7.2131052,4.3000002,10.086789
21,4,1973,24731.18,9.3212042,8.2453213,9.1849184,10.796345,10.774885,7.2696862,4.4000001,10.11582
21,4,1974,25333.93,9.3384886,8.2802172,9.2125034,10.847899,10.768106,7.3004727,4.3000002,10.1399
21,4,1975,25910.971,9.3548899,8.2939749,9.2453289,10.892999,10.7572,7.2960062,5.9000001,10.162422
21,4,1976,26485.99,9.360507,8.3287096,9.2803001,10.812443,10.795383,7.3270574,5.9000001,10.184371
21,4,1977,27080.211,9.3714809,8.3641977,9.3093739,10.854838,10.852458,7.37607,5.0999999,10.206558
21,4,1978,27464.67,9.3826637,8.4018002,9.3173056,10.887756,10.899292,7.4320698,3.8,10.220655
21,4,1979,27832.949,9.3914795,8.4364147,9.3268013,10.927373,10.937366,7.4770384,4.1999998,10.233975
21,4,1980,28055.27,9.3988857,8.4598694,9.3289146,10.969064,10.930855,7.478848,5.9000001,10.241932
21,4,1981,28460.939,9.4062433,8.4738216,9.3508911,10.96891,10.946376,7.4738073,5.5,10.256288
21,4,1982,28590.721,9.4101954,8.4834642,9.3539467,10.991628,10.93166,7.4426684,7.8000002,10.260838
21,4,1983,28694.1,9.4156666,8.5000305,9.3500957,10.999954,10.953732,7.4491491,8.1999998,10.264447
21,4,1984,28718.02,9.4265766,8.4967699,9.3418198,11.008238,11.046595,7.5064821,6.3000002,10.26528
21,4,1985,28959.43,9.4390478,8.487216,9.3533449,11.033844,11.08924,7.5309091,6,10.273651
21,4,1986,29241,9.4534769,8.478363,9.3655481,11.010826,11.128983,7.5456538,5.3000002,10.283327
22,6,1970,10016.07,8.5044241,6.7149591,8.3558197,10.024339,9.7588081,6.36973,4.8000002,9.2119465
22,6,1971,10497.82,8.539835,6.7586865,8.4166698,10.067219,9.7996264,6.4005895,4.8000002,9.2589226
22,6,1972,10844.14,8.5797997,6.7885885,8.4410553,10.09235,9.8699312,6.4758949,3.9000001,9.2913799
22,6,1973,11076.23,8.6109419,6.8277593,8.4471331,10.105328,9.9332886,6.5413184,3.5999999,9.3125563
22,6,1974,11239.45,8.6375132,6.8576403,8.444416,10.145867,9.9138336,6.566391,4.0999999,9.3271856
22,6,1975,11515.56,8.6548748,6.9190907,8.469286,10.182135,9.9126453,6.5400195,8.3000002,9.3514547
22,6,1976,11799.74,8.673337,6.9774027,8.4934416,10.244597,10.011535,6.5896139,6.5999999,9.3758326
22,6,1977,12061.45,8.7044859,7.0031199,8.5033941,10.255833,10.070188,6.6410518,7.4000001,9.3977699
22,6,1978,12274.39,8.7295198,7.004519,8.5151968,10.283398,10.121819,6.701592,7.0999999,9.4152699
22,6,1979,12384.91,8.7361698,7.0346961,8.5222883,10.319786,10.150777,6.7311373,5.8000002,9.4242344
22,6,1980,12454.04,8.7430973,7.0235987,8.5299006,10.359056,10.129906,6.720582,7.5,9.4298
22,6,1981,12547.36,8.7565632,7.0138793,8.5336905,10.379533,10.166506,6.7082062,8.3000002,9.4372654
22,6,1982,12603.35,8.7675304,7.0184464,8.5299158,10.410265,10.147883,6.6731715,11,9.4417181
22,6,1983,12613.88,8.7823124,7.0295749,8.5104504,10.426775,10.149175,6.675571,13,9.4425535
22,6,1984,12509.37,8.7922897,7.0188313,8.4781609,10.435646,10.216179,6.7102795,11,9.4342337
22,6,1985,12430.11,8.7980032,7.0105104,8.4555054,10.458012,10.231999,6.7320914,10,9.4278774
22,6,1986,12411.36,8.8030205,7.037827,8.437747,10.437528,10.239495,6.7431164,12,9.4263678
23,4,1970,19464.98,9.1603937,7.8520737,8.9066811,10.689792,10.82369,7.4193807,3.3,9.8763723
23,4,1971,20393.17,9.2031698,7.901422,8.9571886,10.737359,10.857941,7.4150548,4.9000001,9.9229555
23,4,1972,21288.189,9.2381611,7.9385276,9.0122366,10.774469,10.900399,7.4384422,4.1999998,9.9659081
23,4,1973,22079.1,9.2608614,7.9367495,9.0782547,10.811457,10.947098,7.4790735,3.7,10.002387
23,4,1974,22475.35,9.274087,7.932929,9.1082582,10.864196,10.916106,7.4896917,4.5,10.020174
23,4,1975,22839.32,9.2947311,7.9283304,9.1252155,10.908391,10.895479,7.4619851,6.1999998,10.036239
23,4,1976,23032.561,9.3010445,7.9390912,9.1354332,10.898289,10.954012,7.494319,6.1999998,10.044664
23,4,1977,23236.141,9.3080845,7.9722176,9.1388493,10.920153,11.009142,7.5292993,5.9000001,10.053464
23,4,1978,23393.529,9.3183298,8.0085649,9.1320076,10.949343,11.056825,7.5771732,5,10.060215
23,4,1979,23545.199,9.3205948,8.0628738,9.1275206,10.986119,11.071828,7.6064372,4.5,10.066677
23,4,1980,23670.641,9.3288021,8.0847015,9.1235342,11.025324,11.027995,7.5856872,7.1999998,10.071991
23,4,1981,23947.15,9.3314857,8.1243191,9.136014,11.030662,11.043562,7.5788102,7.6999998,10.083605
23,4,1982,24084.48,9.3287725,8.1679249,9.1378946,11.053854,11.022327,7.5613298,9.1999998,10.089323
23,4,1983,23957.039,9.3224697,8.1776505,9.1280441,11.065186,11.061234,7.5688958,9.8999996,10.084018
23,4,1984,23782.609,9.3208637,8.1731834,9.1126604,11.078321,11.134443,7.6171203,7.1999998,10.07671
23,4,1985,23761.699,9.3177814,8.1810961,9.1110373,11.109208,11.168038,7.6471658,6.4000001,10.07583
23,4,1986,23855.971,9.3258686,8.1868677,9.1091776,11.128546,11.19312,7.6697755,6.0999999,10.07979
24,8,1970,4782.6401,8.1233416,5.9051437,6.9502878,9.5694399,8.9741116,5.293807,5.5,8.4727478
24,8,1971,4956.96,8.1653662,5.9172525,6.9740672,9.5792379,8.9655905,5.3220339,6.3000002,8.5085478
24,8,1972,5095.7002,8.2046061,5.9103899,6.9745631,9.5976458,9.0506411,5.3720326,6.1999998,8.5361528
24,8,1973,5241.4302,8.2391872,5.8878803,6.9978976,9.6387062,9.099185,5.4125385,6.3000002,8.5643501
24,8,1974,5420.3799,8.2639198,6.0076084,7.0322623,9.6722536,9.1243467,5.4553213,6.6999998,8.5979214
24,8,1975,5487.6802,8.2649765,6.0611539,7.0676866,9.7018337,9.1364784,5.4726906,6.4000001,8.610261
24,8,1976,5536.46,8.2592487,6.1292028,7.1018405,9.8059292,9.1615705,5.5258512,6.0999999,8.6191101
24,8,1977,5628.0898,8.2652206,6.2101383,7.1260791,9.8091726,9.1773005,5.5789747,6.4000001,8.6355257
24,8,1978,5756.96,8.2851934,6.2531171,7.1488252,9.8337822,9.2667208,5.6362171,6.1999998,8.658165
24,8,1979,5871.1602,8.2940321,6.2732167,7.2012157,9.8659964,9.3012772,5.6482697,5.0999999,8.6778078
24,8,1980,5945.2202,8.2933922,6.2800961,7.2541919,9.9005756,9.3159609,5.6362171,6.0999999,8.6903429
24,8,1981,6004.9302,8.2948523,6.2805643,7.2914042,9.8660698,9.3408422,5.6411977,6.9000001,8.7003365
24,8,1982,6027.25,8.3016481,6.2757783,7.2897468,9.8896408,9.3062868,5.6120329,8.6000004,8.7040462
24,8,1983,5967.6299,8.2958603,6.2740459,7.2652688,9.8973675,9.2975264,5.6204009,8.8000002,8.6941051
24,8,1984,5957.8301,8.2973146,6.2799277,7.2520471,9.8979073,9.2888746,5.6387105,7.4000001,8.692462
24,8,1985,6024.8501,8.3056517,6.3161893,7.2617235,9.913393,9.2421293,5.6315703,7.6999998,8.7036476
24,8,1986,6117.9102,8.3150864,6.3559165,7.2841144,9.8737783,9.2838697,5.6182246,8.1000004,8.718976
25,4,1970,9235.0303,8.3271341,6.9716215,8.3026428,9.8606062,9.6845226,6.1827044,3.0999999,9.1307592
25,4,1971,9759.4297,8.3492832,6.9764228,8.4031734,9.8907738,9.7200451,6.1960368,3.5999999,9.1859894
25,4,1972,10291.33,8.3833399,6.9489932,8.4920044,9.9168377,9.7658911,6.2480431,3.4000001,9.2390575
25,4,1973,10785.36,8.405036,6.9491181,8.5704689,9.9676142,9.8137817,6.2939734,3.3,9.2859449
25,4,1974,11293.48,8.4282284,6.986927,8.6370525,10.011747,9.8064814,6.3316798,3.8,9.3319807
25,4,1975,11814.03,8.4482927,7.0357084,8.7012529,10.047875,9.8371878,6.3240004,4.1999998,9.3770428
25,4,1976,12436.57,8.4638891,7.1418624,8.7690926,10.110186,9.862092,6.3493137,3.3,9.4283962
25,4,1977,12902.62,8.4828215,7.1529813,8.8237419,10.126322,9.8813953,6.386374,3.7,9.4651861
25,4,1978,13482.42,8.4992876,7.1714878,8.8914251,10.151495,9.9182777,6.4132953,3,9.5091419
25,4,1979,14181.26,8.5142908,7.2259688,8.9645777,10.184034,9.9495602,6.4476228,3.2,9.5596762
25,4,1980,14619.96,8.5268049,7.2496486,9.0074968,10.219184,9.9318323,6.4419031,4.0999999,9.5901432
25,4,1981,14897.42,8.53825,7.2788014,9.0290308,10.281166,9.9886093,6.4348674,4.0999999,9.608943
25,4,1982,15039.75,8.5444965,7.2725859,9.043232,10.294405,9.96383,6.4131312,6.0999999,9.6184521
25,4,1983,15088.99,8.5541134,7.2742853,9.0428944,10.29403,9.9353256,6.4147696,5.6999998,9.6217203
25,4,1984,15027.98,8.5594339,7.2601218,9.0347729,10.294632,10.006225,6.4542546,4.4000001,9.6176691
25,4,1985,14981.5,8.5720224,7.2503371,9.0229387,10.315252,10.056209,6.4777412,5.5,9.6145716
25,4,1986,14974.69,8.5838814,7.2436557,9.015624,10.256568,10.07209,6.4808111,5,9.6141167
26,8,1970,3768.6001,7.5974817,6.140337,7.1787057,9.2878323,8.9029999,5.314683,5.9000001,8.2344589
26,8,1971,3877.3501,7.621881,6.1762829,7.2106414,9.3283024,8.9357719,5.3494859,7,8.262907
26,8,1972,4033.1399,7.6469507,6.2307768,7.2659402,9.3678837,8.9966516,5.4089637,7,8.3023005
26,8,1973,4160.79,7.6576705,6.2310915,7.3367157,9.4141836,9.0795479,5.4996243,6.1999998,8.3334599
26,8,1974,4296.9702,7.6757917,6.2417173,7.3949232,9.4651337,9.0894146,5.545568,7.5,8.3656654
26,8,1975,4402.1001,7.6771502,6.2429233,7.4554605,9.5012999,9.1142702,5.5725341,9.6999998,8.3898373
26,8,1976,4500.21,7.6803465,6.2890291,7.493434,9.6190023,9.181941,5.6340752,9,8.4118795
26,8,1977,4574.27,7.6846275,6.3495412,7.510633,9.6311016,9.2754726,5.7307491,7,8.4282026
26,8,1978,4646.2798,7.6943107,6.4074078,7.5197682,9.6445313,9.4118929,5.8587899,4.4000001,8.4438219
26,8,1979,4766.0498,7.7159219,6.4244475,7.5525155,9.6665783,9.4987469,5.949861,5.0999999,8.4692736
26,8,1980,4935.3599,7.7304955,6.5676847,7.5739989,9.6967649,9.5461693,5.9912143,6.1999998,8.5041809
26,8,1981,5188.5601,7.7500982,6.732306,7.6146474,9.7731628,9.5725498,6.0190797,7.0999999,8.5542116
26,8,1982,5381.96,7.7698135,6.7867732,7.6628814,9.79708,9.5321341,5.9942107,10,8.5908079
26,8,1983,5500.1699,7.7788477,6.8225131,7.6927338,9.8145018,9.554143,5.9984403,9.8000002,8.6125345
26,8,1984,5695,7.8060408,6.9054327,7.7150879,9.8423071,9.6017065,6.0544395,7.8000002,8.6473436
26,8,1985,5856.8999,7.8272691,6.9560499,7.7403817,9.8886595,9.6469164,6.1012154,8,8.6753759
26,8,1986,6003,7.8535037,6.9872222,7.7602754,10.031188,9.6860771,6.1486821,6,8.7000151
27,1,1970,3085.49,7.5439563,5.5395761,6.8476124,8.6924143,8.8322954,5.5548959,3.3,8.0344658
27,1,1971,3247.53,7.5722613,5.6169167,6.9362941,8.7697468,8.8596478,5.560297,4.6999998,8.0856504
27,1,1972,3419.24,7.6049938,5.7126431,7.0106459,8.8070068,8.9247894,5.6294179,4.5,8.1371737
27,1,1973,3559.45,7.6291499,5.7754207,7.0731597,8.8487244,8.9993725,5.6964221,3.9000001,8.1773615
27,1,1974,3688.3899,7.661447,5.920774,7.0824308,8.9000473,8.9891949,5.704782,3.5999999,8.212945
27,1,1975,3783.9099,7.6813388,5.9855976,7.1055646,8.9452114,8.9643116,5.6794896,9,8.238513
27,1,1976,3915.3799,7.7027006,6.0605941,7.1486917,8.9274664,9.0442858,5.7474804,6.4000001,8.2726679
27,1,1977,4084.04,7.7219644,6.166048,7.2081189,8.94561,9.1142702,5.8203797,5.9000001,8.3148422
27,1,1978,4223.5898,7.7414422,6.23768,7.2514443,8.9729557,9.2105408,5.8849921,3.8,8.3484411
27,1,1979,4329.9702,7.7550173,6.3418927,7.2646251,9.0119801,9.2659645,5.9362159,3.0999999,8.3733158
27,1,1980,4348.9399,7.7588372,6.3282938,7.2769437,9.0551853,9.2815437,5.9542818,4.6999998,8.3776875
27,1,1981,4369.3501,7.7596526,6.3610263,7.2768469,9.1198349,9.3353863,5.9778724,5,8.38237
27,1,1982,4353.02,7.7537308,6.4088087,7.2553015,9.1498175,9.3592777,5.9773655,7.4000001,8.3786249
27,1,1983,4333.4102,7.7471218,6.4340487,7.2412372,9.1669502,9.4527378,6.0149369,5.4000001,8.3741102
27,1,1984,4324.98,7.7524424,6.4367752,7.2250009,9.185153,9.5539303,6.090178,4.3000002,8.3721628
27,1,1985,4316.6299,7.7569485,6.4517179,7.2042089,9.2160292,9.6512365,6.1441855,3.9000001,8.3702307
27,1,1986,4331.54,7.7622175,6.4575858,7.2033386,9.3812256,9.7452536,6.1946096,2.8,8.3736782
28,2,1970,24857.74,9.2481747,8.2848454,9.2599678,10.968136,11.366349,7.8656483,4.5999999,10.120924
28,2,1971,26627.68,9.3292112,8.3190765,9.3293734,11.0009,11.397211,7.8661857,5.6999998,10.189707
28,2,1972,28256.83,9.3976574,8.3402481,9.3932962,11.04192,11.444475,7.8907695,5.8000002,10.24909
28,2,1973,29544.99,9.4582253,8.3863535,9.4210119,11.085537,11.49116,7.9228773,5.5999999,10.29367
28,2,1974,30629.689,9.5101156,8.3911829,9.4514112,11.140586,11.460199,7.9312849,6.9000001,10.329725
28,2,1975,31830.65,9.5429125,8.4167976,9.500226,11.189469,11.415236,7.90097,10,10.368185
28,2,1976,32396.141,9.5478144,8.4372511,9.5299768,11.092673,11.451571,7.9207006,10,10.385795
28,2,1977,32775.77,9.543602,8.4770546,9.5480528,11.114804,11.486274,7.9504671,9.3999996,10.397445
28,2,1978,33066.762,9.531601,8.5360737,9.5597858,11.147068,11.528729,7.9935861,7.1999998,10.406284
28,2,1979,33268.602,9.521059,8.594945,9.5624247,11.188752,11.545877,8.0153933,6.9000001,10.41237
28,2,1980,33625.27,9.5147562,8.6615391,9.5673513,11.234143,11.53831,8.0263004,7.1999998,10.423033
28,2,1981,33794.238,9.5059805,8.7044792,9.5697289,11.254068,11.569636,8.0388021,7.3000002,10.428045
28,2,1982,34144.852,9.4950609,8.7411842,9.5884781,11.287057,11.577824,8.0368319,9,10.438367
28,2,1983,34320.27,9.4987793,8.74512,9.5953903,11.309463,11.638747,8.0599403,7.8000002,10.443491
28,2,1984,34385.922,9.5041285,8.7458067,9.5946941,11.33558,11.706747,8.110487,6.1999998,10.445402
28,2,1985,34528.531,9.5094805,8.7627258,9.5921974,11.379556,11.747682,8.1356688,5.6999998,10.449541
28,2,1986,34675.691,9.5265408,8.7590675,9.587986,11.467301,11.801617,8.1576281,5,10.453794
29,8,1970,6082.2002,8.0884914,6.6883421,7.6120601,9.8474073,9.4600868,5.6788063,5.9000001,8.7131214
29,8,1971,6195.5,8.114295,6.7144012,7.6155005,9.8765116,9.4943151,5.7226043,6.1999998,8.7315788
29,8,1972,6238.4902,8.1271181,6.684999,7.6271257,9.8967113,9.5377722,5.7914882,5.8000002,8.7384939
29,8,1973,6326.0298,8.1440926,6.6584091,7.6514721,9.9326954,9.5879545,5.8464389,5.6999998,8.7524281
29,8,1974,6367.27,8.1450682,6.6651359,7.6668634,9.9671268,9.6321383,5.8866596,6.3000002,8.7589264
29,8,1975,6447.3799,8.1492691,6.6956506,7.6860061,9.9969215,9.6512365,5.9140434,10,8.7714291
29,8,1976,6606.9702,8.1533327,6.783699,7.718112,10.082469,9.6760845,5.9661469,9.1000004,8.7958803
29,8,1977,6724.71,8.1609669,6.7914686,7.7548761,10.104036,9.7369604,6.029242,7.8000002,8.8135443
29,8,1978,6786.25,8.1590405,6.7990446,7.7809005,10.137349,9.804882,6.0964999,5.6999998,8.8226538
29,8,1979,6902.8301,8.16502,6.8285604,7.8092084,10.175319,9.8562908,6.1333981,6.5999999,8.8396864
29,8,1980,7104.7002,8.1830511,6.8797159,7.8448677,10.216878,9.8865452,6.1428971,7.5,8.8685122
29,8,1981,7296.5298,8.1929798,6.9249859,7.887464,10.201359,9.9166508,6.1643667,7.3000002,8.895154
29,8,1982,7402.21,8.1972885,6.9468608,7.9125075,10.240888,9.9046373,6.1603632,9.1999998,8.9095335
29,8,1983,7634.6401,8.2267256,6.9768057,7.9457607,10.263168,9.9175386,6.1727438,10,8.9404507
29,8,1984,7904.3198,8.2628403,7.0187063,7.9758706,10.272171,9.9679165,6.2201924,7.5,8.9751644
29,8,1985,8228.3096,8.3010502,7.0479693,8.0227957,10.293653,9.9869547,6.2542133,8.8000002,9.015336
29,8,1986,8483.3701,8.3178349,7.088943,8.0672903,10.315869,9.9595842,6.265111,9.1999998,9.0458632
30,2,1970,106893.49,10.453759,9.2626362,11.02975,11.825278,12.399957,8.875762,4.5,11.579588
30,2,1971,110931.96,10.474401,9.3061857,11.074862,11.869172,12.409087,8.8552923,6.5999999,11.616673
30,2,1972,115957.66,10.492388,9.3796501,11.128331,11.914487,12.434199,8.8591499,6.6999998,11.66098
30,2,1973,121450.05,10.509944,9.4577322,11.183932,11.964112,12.462644,8.8723755,5.4000001,11.707258
30,2,1974,126498.16,10.510786,9.5487089,11.235355,12.025273,12.430048,8.8646193,6.3000002,11.747983
30,2,1975,131097.03,10.516821,9.6461067,11.27345,12.073002,12.398604,8.8290653,9.5,11.783693
30,2,1976,134166.03,10.514574,9.721632,11.297787,11.941964,12.409671,8.8231325,10,11.806833
30,2,1977,134701.89,10.504703,9.7692156,11.298842,11.962756,12.433575,8.8331127,9.1000004,11.81082
30,2,1978,134632.83,10.493066,9.7982063,11.296843,11.99673,12.445853,8.8600025,7.6999998,11.810307
30,2,1979,134765.25,10.488481,9.8471632,11.289294,12.039574,12.446325,8.8789711,7.0999999,11.81129
30,2,1980,134166.7,10.486763,9.8751211,11.275786,12.086721,12.428296,8.882822,7.5,11.806838
30,2,1981,133207.7,10.481174,9.905097,11.258513,12.063767,12.45371,8.8938885,7.5999999,11.799664
30,2,1982,132189.19,10.485639,9.9066563,11.242796,12.098344,12.451705,8.8893909,8.6000004,11.791989
30,2,1983,131808.83,10.485076,9.909462,11.237323,12.122264,12.498428,8.8974495,8.6000004,11.789108
30,2,1984,131365.13,10.490447,9.9145927,11.227528,12.151846,12.560525,8.9320011,7.1999998,11.785736
30,2,1985,131529.92,10.493047,9.9262114,11.225328,12.203203,12.599401,8.955616,6.5,11.786989
30,2,1986,132203.02,10.498755,9.9376764,11.228399,12.201526,12.641979,8.9756174,6.3000002,11.792094
31,5,1970,16840,8.9450836,7.7639689,8.8269815,10.680457,10.779935,7.4858842,4.3000002,9.7315121
31,5,1971,17688.471,8.9915886,7.7872243,8.8878803,10.744588,10.822315,7.5031796,4.8000002,9.7806683
31,5,1972,18419.02,9.0399752,7.7987609,8.929019,10.781658,10.908229,7.5558529,4,9.8211393
31,5,1973,19081.721,9.0836515,7.8073392,8.9635534,10.816945,10.967767,7.6099119,3.5,9.8564863
31,5,1974,19701.02,9.125349,7.828723,8.9877081,10.867811,10.96034,7.6247168,4.5,9.8884258
31,5,1975,20334.131,9.142868,7.8733845,9.0312328,10.914909,10.938236,7.5908017,8.6000004,9.9200563
31,5,1976,21062.439,9.1567717,7.9354801,9.0812941,10.967504,10.993093,7.6414204,6.1999998,9.9552469
31,5,1977,22029.51,9.184968,8.0154963,9.1326532,10.987101,11.045814,7.6826668,5.9000001,10.000138
31,5,1978,22652,9.2018108,8.0822105,9.1591053,11.016137,11.103588,7.7307897,4.3000002,10.028004
31,5,1979,23305.83,9.2253914,8.1276703,9.1867943,11.053271,11.127836,7.7719102,4.8000002,10.056458
31,5,1980,24164.711,9.2440577,8.1688547,9.2391701,11.091963,11.128219,7.7748556,6.5999999,10.092649
31,5,1981,24576.1,9.2497015,8.20924,9.2591209,11.116817,11.161878,7.7797179,6.4000001,10.109529
31,5,1982,24698.58,9.242033,8.2366428,9.2685852,11.142891,11.143715,7.7608933,9,10.114501
31,5,1983,24700.311,9.2312613,8.2555037,9.2723885,11.156781,11.205762,7.7911921,8.8999996,10.114572
31,5,1984,24674.17,9.2262316,8.2640848,9.2716293,11.168101,11.290031,7.8497915,6.6999998,10.113512
31,5,1985,24744.189,9.2222157,8.2774248,9.2771273,11.194826,11.328642,7.8827677,5.4000001,10.116346
31,5,1986,25179.369,9.2246084,8.2968884,9.3078575,11.338583,11.377918,7.9172087,5.3000002,10.13378
32,4,1970,4173.0698,7.90728,5.729353,7.0460377,9.3563261,8.7035065,5.0974245,4.5999999,8.3364077
32,4,1971,4226.3101,7.916049,5.743772,7.0674477,9.3794937,8.7873726,5.1179938,5.3000002,8.3490849
32,4,1972,4302.5698,7.9431615,5.7433238,7.0683594,9.3956842,8.8558064,5.171052,4.9000001,8.3669682
32,4,1973,4330.52,7.9495187,5.734344,7.0791926,9.4474144,9.0020857,5.2143922,5.0999999,8.3734426
32,4,1974,4404.3999,7.9685516,5.7812061,7.0830355,9.4813375,8.9871969,5.2668266,3,8.3903589
32,4,1975,4458.2798,7.9737344,5.8047733,7.1088333,9.5095625,9.0200272,5.3161573,3.5999999,8.4025183
32,4,1976,4492.23,7.9736171,5.8528633,7.1234069,9.6210203,9.0078573,5.3706379,3.5999999,8.4101048
32,4,1977,4573.9399,7.9873953,5.9127998,7.139327,9.6191006,8.9967756,5.3986149,4.8000002,8.4281301
32,4,1978,4628.1499,8.0013981,5.9761477,7.1301785,9.6419353,9.1071997,5.4553213,4.8000002,8.4399128
32,4,1979,4704.6401,8.0102139,6.0678468,7.1399221,9.6734371,9.1655521,5.4979877,3.7,8.4563046
32,4,1980,4798.6099,8.0231161,6.1421666,7.1568708,9.7066698,9.1616755,5.5020742,5,8.4760818
32,4,1981,4888.2002,8.0294943,6.2132273,7.1844015,9.9484606,9.2621737,5.5190582,5,8.4945793
32,4,1982,4893,8.0278025,6.2340379,7.1840072,9.9740028,9.2392197,5.5202603,5.9000001,8.4955606
32,4,1983,4929.21,8.026556,6.2605181,7.2038074,9.9830027,9.1798811,5.5238581,5.5999999,8.5029345
32,4,1984,4929.23,8.0243254,6.2748938,7.2032642,9.9833984,9.2146311,5.5314112,5.0999999,8.5029383
32,4,1985,4968.3198,8.0350685,6.2931237,7.2005219,9.9996948,9.1986723,5.529429,5.9000001,8.5108366
32,4,1986,5014.77,8.047452,6.3012261,7.2031822,9.9784327,9.1907501,5.5210609,6.3000002,8.5201426
33,3,1970,48317.68,10.071255,8.9925413,9.7184582,11.574924,11.705964,8.2637711,5.4000001,10.785553
33,3,1971,50241.051,10.099538,9.010148,9.78265,11.610732,11.71889,8.2531233,6.5,10.824588
33,3,1972,51395.75,10.115917,9.0145884,9.8222771,11.645876,11.764843,8.2785301,5.5,10.847311
33,3,1973,52356.391,10.121938,9.0095968,9.8674574,11.682563,11.832368,8.3218832,4.3000002,10.865829
33,3,1974,52834.75,10.125318,8.9963188,9.8931465,11.730821,11.81246,8.3355274,5,10.874925
33,3,1975,53464.68,10.129171,9.0063267,9.9157419,11.776551,11.75295,8.2980919,9.1000004,10.886777
33,3,1976,54188.051,10.125849,9.0097685,9.9534674,11.720933,11.803331,8.3174248,7.8000002,10.900216
33,3,1977,54969.48,10.123598,9.0074492,9.9933977,11.74929,11.852721,8.3499813,6.5,10.914534
33,3,1978,55391.109,10.11785,9.0104322,10.01778,11.779242,11.897827,8.3881998,5.4000001,10.922174
33,3,1979,56115.219,10.114409,9.0751858,10.029375,11.817116,11.903385,8.4084492,5.9000001,10.935163
33,3,1980,56513.621,10.108986,9.1292343,10.031438,11.857529,11.854968,8.3819227,8.3999996,10.942237
33,3,1981,56980.172,10.100021,9.1846838,10.038453,11.776357,11.861771,8.3704786,9.6000004,10.950459
33,3,1982,57101.012,10.087041,9.2186642,10.04272,11.804314,11.807117,8.3246517,13,10.952577
33,3,1983,56929.039,10.076329,9.2438192,10.035174,11.819987,11.830731,8.3169117,12,10.949561
33,3,1984,56648.461,10.069271,9.2400179,10.031919,11.832149,11.904825,8.3570719,9.3999996,10.94462
33,3,1985,56463.309,10.078538,9.2444668,10.011895,11.859697,11.936158,8.3831816,8.8999996,10.941346
33,3,1986,56283.121,10.075582,9.2532253,10.002841,11.843162,11.961073,8.4054565,8.1000004,10.93815
34,7,1970,11168.19,8.6539593,7.3041797,8.2811899,10.571084,10.41217,6.6367335,4.4000001,9.3208246
34,7,1971,11478.15,8.6876192,7.3065715,8.3087015,10.601391,10.430551,6.6520886,4.9000001,9.3482008
34,7,1972,11680.58,8.6985645,7.306746,8.3418751,10.619676,10.468517,6.6993771,4.5,9.3656826
34,7,1973,11832.9,8.647707,7.3147058,8.4410896,10.641033,10.500482,6.7474689,4.1999998,9.3786392
34,7,1974,12026.61,8.669281,7.3160629,8.4555368,10.675653,10.494325,6.7877321,4.4000001,9.3948774
34,7,1975,12396.49,8.6810522,7.3546309,8.5056934,10.70633,10.490357,6.8020616,7.1999998,9.425169
34,7,1976,12730.82,8.6872177,7.3664956,8.5606508,10.800481,10.528784,6.8363667,5.5999999,9.4517813
34,7,1977,12979.01,8.6888485,7.4146514,8.5909176,10.813349,10.577325,6.8788414,5,9.4710884
34,7,1978,13229.51,8.6949196,7.4799433,8.6097507,10.843108,10.63499,6.9428329,3.9000001,9.4902048
34,7,1979,13492.11,8.699728,7.5361238,8.6334267,10.880133,10.68132,6.9920044,3.4000001,9.50986
34,7,1980,13835.66,8.7060452,7.5902915,8.6686192,10.920857,10.713173,7.0371156,4.8000002,9.5350046
34,7,1981,14248.02,8.7114677,7.6376152,8.7162209,11.05508,10.762912,7.0910764,3.5999999,9.564373
34,7,1982,14564.32,8.7211637,7.6467505,8.7545061,11.094748,10.793434,7.1040621,5.6999998,9.5863304
34,7,1983,14766.51,8.7257528,7.6533761,8.7794437,11.117785,10.745593,7.0652719,9,9.6001167
34,7,1984,15088.88,8.742547,7.6796165,8.8040638,11.128675,10.768464,7.073524,7,9.6217136
34,7,1985,15480.8,8.7532911,7.7392373,8.8323822,11.15408,10.761683,7.0607338,7.0999999,9.647356
34,7,1986,15891.09,8.7649603,7.8119493,8.8558531,11.07637,10.73483,7.0250049,8.1999998,9.6735134
35,9,1970,11143.64,8.6165209,7.4384542,8.2742014,10.023315,10.014582,6.565969,6.1999998,9.3186245
35,9,1971,11481.58,8.6379566,7.454257,8.3218079,10.06157,10.05535,6.5918107,6.5999999,9.3484993
35,9,1972,11830.75,8.6773376,7.4978781,8.3328257,10.097665,10.140771,6.6524758,5.6999998,9.3784571
35,9,1973,12150.51,8.7136002,7.5092039,8.3524694,10.138736,10.202703,6.7046595,5.3000002,9.4051266
35,9,1974,12912.83,8.7504358,7.5294065,8.4632435,10.190222,10.230775,6.731257,7.5,9.4659767
35,9,1975,13214.8,8.7518606,7.5831966,8.5025787,10.2341,10.220995,6.7303019,11,9.4890928
35,9,1976,13671.14,8.7569942,7.6564884,8.5567694,10.322943,10.294144,6.7782159,9.5,9.5230427
35,9,1977,13976.13,8.7653933,7.7090034,8.582839,10.347538,10.354467,6.8425765,7.4000001,9.5451059
35,9,1978,14350.99,8.7604103,7.7551203,8.6377754,10.375745,10.428009,6.916913,6.0999999,9.5715742
35,9,1979,14724.22,8.7597923,7.8187561,8.676693,10.412472,10.471525,6.9622436,6.8000002,9.597249
35,9,1980,15020.05,8.7599354,7.8616576,8.707901,10.452147,10.45628,6.9513893,8.3000002,9.6171408
35,9,1981,15420.55,8.7698908,7.9142485,8.7398729,10.50424,10.422698,6.9262824,9.8999996,9.6434565
35,9,1982,15666.86,8.7794008,7.9408865,8.7574759,10.527852,10.346505,6.8680782,12,9.6593027
35,9,1983,15743.83,8.7893476,7.9625201,8.7496643,10.539879,10.37033,6.873888,11,9.6642036
35,9,1984,15759.04,8.7932119,7.9644928,8.7471457,10.552599,10.426647,6.9146318,9.3999996,9.6651697
35,9,1985,15844.49,8.8008642,7.9773097,8.7467852,10.579193,10.456482,6.937314,8.8000002,9.670577
35,9,1986,15947.63,8.8123178,7.9828329,8.7484522,10.52995,10.489439,6.9646082,8.5,9.6770658
36,2,1970,50428.352,9.9761381,8.8354168,10.00097,11.568728,11.775036,8.3782988,4.5,10.828309
36,2,1971,53374.91,10.037729,8.8572435,10.063752,11.60792,11.776213,8.3643446,5.4000001,10.885096
36,2,1972,56250.559,10.08876,8.8821936,10.125712,11.64423,11.820616,8.3893595,5.4000001,10.937572
36,2,1973,58090.059,10.112001,8.8981657,10.171016,11.68428,11.87039,8.4132757,4.8000002,10.969749
36,2,1974,59430.512,10.13348,8.9056368,10.199334,11.733571,11.853788,8.4150715,5.0999999,10.992563
36,2,1975,60860.602,10.151267,8.9346952,10.227244,11.779729,11.819144,8.3974628,8.3000002,11.016341
36,2,1976,61871.02,10.166804,8.9561357,10.243201,11.731377,11.850668,8.4146729,7.9000001,11.032807
36,2,1977,62830.91,10.178919,8.9780989,10.259811,11.754104,11.878201,8.426218,7.6999998,11.048203
36,2,1978,62861.359,10.177611,9.0029259,10.255094,11.784573,11.905846,8.4587584,6.9000001,11.048687
36,2,1979,62652.441,10.16729,9.0311356,10.24905,11.822654,11.91459,8.4776411,6.9000001,11.045358
36,2,1980,62617.531,10.150914,9.0660696,10.252257,11.86267,11.887017,8.4665527,7.8000002,11.044801
36,2,1981,62440.578,10.130958,9.1035728,10.2522,11.797847,11.895258,8.4614477,8.3999996,11.04197
36,2,1982,62061.648,10.116728,9.1303663,10.242692,11.82628,11.858513,8.4294758,11,11.035884
36,2,1983,61479.969,10.105455,9.127902,10.232615,11.842749,11.877034,8.4172182,12,11.026466
36,2,1984,61158.43,10.094118,9.1144457,10.235398,11.856899,11.927713,8.4456539,9.1000004,11.021223
36,2,1985,60661.77,10.0842,9.0955963,10.23223,11.886825,11.956387,8.4617443,8,11.013069
36,2,1986,60244.691,10.079742,9.0855417,10.224234,11.887478,11.988302,8.474474,6.8000002,11.006169
37,1,1970,4310.2202,7.7251492,6.3495936,7.2953076,8.6010342,9.192584,5.8409324,5.1999998,8.3687439
37,1,1971,4451.2402,7.7311411,6.3830333,7.3660088,8.6323252,9.1951256,5.8371472,6.8000002,8.400938
37,1,1972,4493.5498,7.7072244,6.3488593,7.4368176,8.6734772,9.2347403,5.8808122,6.5,8.4103985
37,1,1973,4498.1201,7.6867409,6.3345575,7.4703097,8.7175474,9.25875,5.90236,6.1999998,8.4114151
37,1,1974,4490.52,7.6801248,6.3205705,7.4785933,8.7749357,9.1990776,5.9053617,7.3000002,8.4097242
37,1,1975,4463.8301,7.6681638,6.3182111,7.478797,8.8246469,9.1519699,5.8556447,11,8.4037628
37,1,1976,4437.8901,7.6476574,6.3298993,7.4849639,8.7199345,9.2071352,5.9045439,8.1000004,8.397934
37,1,1977,4443.8501,7.6269598,6.378664,7.4965968,8.7461929,9.2421293,5.9446349,8.6000004,8.3992767
37,1,1978,4442.7002,7.6092672,6.4861913,7.4786673,8.7794266,9.2695522,5.9809089,6.5999999,8.3990173
37,1,1979,4430.52,7.5953016,6.5419097,7.4662733,8.8252554,9.2811718,5.9914646,6.5999999,8.3962727
37,1,1980,4411.8101,7.5803986,6.5891328,7.4531274,8.8755579,9.2608433,5.9872055,7.1999998,8.3920403
37,1,1981,4396.2798,7.5647054,6.625989,7.4459548,8.861825,9.2917356,5.9949584,7.5999999,8.3885136
37,1,1982,4342.8501,7.5531187,6.6403594,7.421052,8.898881,9.2678547,5.9674282,10,8.3762865
37,1,1983,4302.3599,7.5383887,6.6460528,7.4108491,8.9230938,9.3076487,5.9821715,8.3000002,8.3669186
37,1,1984,4251.4502,7.5283427,6.6358547,7.3960285,8.946909,9.3935785,6.0316463,5.3000002,8.3550158
37,1,1985,4230.7402,7.5283694,6.6589475,7.3720803,8.9873266,9.4392271,6.061923,4.9000001,8.350132
37,1,1986,4254.3599,7.541163,6.6856489,7.3585124,9.0108938,9.4942408,6.0924406,4,8.3556995
38,5,1970,8250.4297,8.2949314,6.9983177,8.0558271,10.099167,9.9486523,6.7357802,5,9.0180206
38,5,1971,8694.4102,8.3194494,7.0801191,8.1325274,10.18065,9.9816513,6.7599511,5.3000002,9.0704355
38,5,1972,9115.2197,8.3511457,7.2100573,8.1682653,10.214594,10.050009,6.8246999,4.1999998,9.1177006
38,5,1973,9554.0596,8.3776531,7.2963252,8.2242708,10.247955,10.123385,6.8916259,3.7,9.1647215
38,5,1974,10014.14,8.4136553,7.3538117,8.2798977,10.293824,10.132732,6.9234319,4.5,9.2117529
38,5,1975,10637.46,8.4434071,7.401988,8.3788204,10.338568,10.105734,6.890202,8.6999998,9.2721367
38,5,1976,11097.59,8.4612703,7.4181147,8.4560919,10.462899,10.177476,6.9451475,6.9000001,9.3144836
38,5,1977,11500.56,8.4693594,7.4228458,8.5291834,10.478535,10.232468,6.986289,7.1999998,9.3501511
38,5,1978,11653.18,8.4585867,7.4246364,8.5680742,10.505577,10.295091,7.0365882,5.6999998,9.3633347
38,5,1979,11911.5,8.4553452,7.4644527,8.60639,10.540258,10.341388,7.0698743,5,9.3852596
38,5,1980,12263.76,8.4531498,7.4977784,8.6604118,10.576383,10.351469,7.0806999,6.9000001,9.4144039
38,5,1981,12577.08,8.4491796,7.5169716,8.7105951,10.604401,10.39001,7.0870724,8.3999996,9.4396315
38,5,1982,12972.01,8.4411278,7.5666213,8.7649326,10.629636,10.371614,7.058156,11,9.4705496
38,5,1983,13110.97,8.4167538,7.5996566,8.7935009,10.643389,10.431583,7.0808678,10,9.481205
38,5,1984,13172.84,8.4002457,7.6432767,8.8005829,10.652988,10.511513,7.1408491,7.0999999,9.4859123
38,5,1985,13211.81,8.4034872,7.6645064,8.7975292,10.675897,10.53707,7.167192,6.8000002,9.4888668
38,5,1986,13391.24,8.409915,7.6878686,8.8125668,10.784115,10.578496,7.1989312,6.1999998,9.5023565
39,4,1970,4173.1699,8.0176668,5.5562487,6.7801833,9.1272259,8.6765871,5.167069,3.3,8.3364315
39,4,1971,4261.98,8.0330353,5.5933723,6.8159251,9.1522961,8.71029,5.187386,3.7,8.3574896
39,4,1972,4333.46,8.049264,5.565248,6.8467093,9.1787062,8.7766304,5.2464976,3.7,8.3741217
39,4,1973,4407.5298,8.0535851,5.6014543,6.8993802,9.2121038,8.8604994,5.293807,3.3,8.3910694
39,4,1974,4501.8301,8.0694237,5.6093254,6.9408126,9.255125,8.8444805,5.3307848,3.5,8.4122391
39,4,1975,4630.2002,8.0829334,5.6324654,7.0140233,9.2903214,8.8754272,5.3437686,3.7,8.4403553
39,4,1976,4732.9102,8.0885372,5.661953,7.0802622,9.3195047,8.8424597,5.3872437,3.4000001,8.4622955
39,4,1977,4840.8198,8.0989494,5.6586456,7.1412849,9.3109961,8.9107208,5.4231863,3.3,8.4848394
39,4,1978,4895.6299,8.0938044,5.6717758,7.1936631,9.3347006,8.9618788,5.4663711,3,8.4960985
39,4,1979,4998.02,8.0906286,5.7319489,7.2624254,9.3661518,9.0074892,5.4864554,3.5,8.5167971
39,4,1980,5067.5,8.0848618,5.7916408,7.3098679,9.3996782,8.9671221,5.4722705,4.9000001,8.5306025
39,4,1981,5125.4502,8.0798006,5.8551292,7.3446093,9.3852482,8.9883213,5.4638319,5.0999999,8.5419741
39,4,1982,5178.5601,8.0779066,5.921525,7.3671403,9.3957281,8.9663563,5.4389486,5.5,8.5522823
39,4,1983,5162.2402,8.0712471,5.976706,7.3569245,9.3923893,8.9437675,5.4608612,5.4000001,8.5491257
39,4,1984,5146.6099,8.0707026,6.0068703,7.3402128,9.3911657,9.0118895,5.5093884,4.3000002,8.5460939
39,4,1985,5148.1802,8.0744619,6.0466862,7.3225565,9.4099646,9.0381279,5.5190582,5.0999999,8.5463982
39,4,1986,5281.2202,8.0805874,6.2613964,7.3304968,9.3330135,9.0779514,5.5290322,4.6999998,8.5719128
40,6,1970,20949.51,9.135643,7.9329257,9.0917482,10.55628,10.456482,7.1911283,4.8000002,9.9498701
40,6,1971,21687.41,9.1597672,7.9620185,9.1389198,10.60595,10.512465,7.2128844,5,9.9844875
40,6,1972,22448.25,9.1757689,8.0341187,9.1802559,10.64502,10.606659,7.279388,3.5999999,10.018968
40,6,1973,22886.75,9.1844187,8.0447321,9.2128677,10.680321,10.678767,7.3337417,3,10.038314
40,6,1974,23184.461,9.1963558,8.0557928,9.2273293,10.732844,10.670164,7.3512864,3.9000001,10.051237
40,6,1975,23972.49,9.2084484,8.1381092,9.2656755,10.78022,10.647756,7.3170133,8.3000002,10.084662
40,6,1976,24632.07,9.2196169,8.1922159,9.298914,10.841084,10.721261,7.3622646,6,10.111805
40,6,1977,25153.789,9.236207,8.2238655,9.3203478,10.862492,10.777726,7.4073782,6.3000002,10.132764
40,6,1978,25444.07,9.2443762,8.2522011,9.3291702,10.893265,10.851858,7.4599147,5.8000002,10.144238
40,6,1979,25820.641,9.2507515,8.2931843,9.3423948,10.931393,10.873489,7.4828506,5.8000002,10.15893
40,6,1980,26011.9,9.2561016,8.3079205,9.3490391,10.971769,10.855338,7.4654264,7.3000002,10.166309
40,6,1981,26321.051,9.2605267,8.3420963,9.3595791,10.979823,10.874342,7.4704518,9.1000004,10.178124
40,6,1982,26467.141,9.2619514,8.3762493,9.3583107,11.006166,10.858364,7.4401464,12,10.18366
40,6,1983,26394.65,9.2600508,8.4066105,9.3421059,11.021249,10.90075,7.4494982,12,10.180917
40,6,1984,26261.07,9.261363,8.4202442,9.3236322,11.035405,10.982067,7.5021863,8.6000004,10.175843
40,6,1985,26236.061,9.2723017,8.4178877,9.3119516,11.064845,11.024138,7.5325165,8,10.174891
40,6,1986,26281.461,9.2821817,8.4192762,9.3059235,11.083146,11.068574,7.5651717,8,10.17662
41,7,1970,53639.879,10.163615,9.0303411,9.8702021,12.272218,11.988675,8.1955824,4.4000001,10.890048
41,7,1971,55700.449,10.19665,9.0698204,9.9133482,12.304631,12.008158,8.2116184,4.9000001,10.927744
41,7,1972,57213.27,10.224072,9.0920229,9.941288,12.323562,12.057341,8.2647238,4.5,10.954541
41,7,1973,59134.012,10.254656,9.1019602,9.9872131,12.344553,12.11979,8.3288612,3.9000001,10.987561
41,7,1974,60974.121,10.264066,9.1169367,10.051161,12.379103,12.14992,8.3802729,4.3000002,11.018205
41,7,1975,62734.609,10.273813,9.1496038,10.100689,12.412752,12.175201,8.403554,5.5999999,11.046669
41,7,1976,64422.93,10.285494,9.1955185,10.137199,12.509248,12.233406,8.4518433,5.6999998,11.073225
41,7,1977,65863.922,10.289636,9.2330084,10.173842,12.523692,12.295607,8.4983768,5.3000002,11.095346
41,7,1978,67133.781,10.291713,9.2666464,10.206082,12.556527,12.355866,8.5700893,4.8000002,11.114443
41,7,1979,69034.039,10.303973,9.3158932,10.242449,12.596379,12.39016,8.6308432,4.1999998,11.142355
41,7,1980,71409.313,10.319188,9.3920574,10.278766,12.639565,12.406394,8.6744022,5.1999998,11.176184
41,7,1981,74168.047,10.339584,9.4433861,10.329098,12.719398,12.447806,8.7290735,5.3000002,11.214088
41,7,1982,76260.438,10.359984,9.475069,10.362778,12.764089,12.447087,8.7424784,6.9000001,11.24191
41,7,1983,78159.023,10.384357,9.5079508,10.384153,12.79127,12.457785,8.7312717,8,11.2665
41,7,1984,80067.977,10.400624,9.5306349,10.416686,12.8058,12.519733,8.7783871,5.9000001,11.290631
41,7,1985,82196.094,10.41135,9.5540104,10.459102,12.835592,12.554572,8.8043404,7,11.316863
41,7,1986,84303.172,10.417857,9.5959358,10.495338,12.799979,12.529289,8.7893858,8.8999996,11.342175
42,8,1970,6494.1602,8.0448093,6.4806581,7.9099264,9.3283567,9.2826614,5.8777356,6.0999999,8.7786589
42,8,1971,6666.0298,8.0960197,6.4605613,7.9176202,9.3605804,9.3274117,5.9116092,6.4000001,8.80478
42,8,1972,6773.3198,8.1260538,6.4401808,7.9249263,9.3911295,9.3995552,5.9738097,6.0999999,8.8207464
42,8,1973,6928.7402,8.1599035,6.3960624,7.9485264,9.4329634,9.4610987,6.0277963,5.6999998,8.8434334
42,8,1974,7072.5298,8.1840591,6.3850427,7.9711685,9.4787846,9.4930353,6.0732751,5.9000001,8.8639736
42,8,1975,7239.52,8.1959705,6.3968296,8.0107841,9.5190716,9.5091105,6.0874562,6.5,8.88731
42,8,1976,7373.6299,8.1955957,6.4075894,8.0526972,9.6859989,9.5690632,6.1372948,5.6999998,8.9056654
42,8,1977,7547.71,8.2079659,6.4104214,8.0923891,9.7162066,9.6371756,6.1917486,5.3000002,8.9289999
42,8,1978,7716.9199,8.2191458,6.4490952,8.1236944,9.7493286,9.7178202,6.2641602,3.8,8.9511709
42,8,1979,7893.1401,8.2218447,6.5103774,8.16043,9.7911463,9.7579412,6.3070049,4.3000002,8.9737492
42,8,1980,8057.4502,8.2253342,6.5600119,8.1933479,9.8366537,9.7778673,6.3113718,6.3000002,8.9943523
42,8,1981,8334.4102,8.2430382,6.5835338,8.24545,9.8608875,9.8032808,6.3243589,6.6999998,9.0281477
42,8,1982,8606.0898,8.2537174,6.5899162,8.3031311,9.8933554,9.7921085,6.3295426,7.8000002,9.0602255
42,8,1983,8908.4502,8.2602882,6.5949607,8.3686562,9.9100943,9.8293028,6.3401828,9.1999998,9.0947552
42,8,1984,9453.6299,8.2753105,6.6151543,8.4725246,9.9203272,9.9122982,6.3989277,6.5,9.1541538
42,8,1985,10311.4,8.2976007,6.6942897,8.6105728,9.9451466,9.9484606,6.4366312,5.9000001,9.2410049
42,8,1986,11392,8.3308687,6.7654886,8.7600746,10.032641,9.9614258,6.4522066,6,9.3406668
43,1,1970,2627.1201,7.5105071,5.5663962,6.2887688,8.3071413,8.37885,4.9965363,4.9000001,7.8736434
43,1,1971,2756.1899,7.5397344,5.547051,6.427103,8.3547449,8.3979588,4.9978876,6.8000002,7.9216046
43,1,1972,2894.5801,7.5708141,5.5784836,6.5355172,8.3900099,8.4362001,5.0343518,6.5,7.9705954
43,1,1973,2967.25,7.5833697,5.6087022,6.5919752,8.4289303,8.4765797,5.0832658,5.5999999,7.9953909
43,1,1974,3025.1499,7.6033692,5.6237645,6.6110592,8.4777203,8.4450521,5.0925226,6.9000001,8.0147161
43,1,1975,3083.0701,7.608047,5.6223555,6.6748013,8.5207548,8.4180355,5.0882134,9.3999996,8.0336809
43,1,1976,3075.6101,7.6054173,5.591248,6.6827226,8.4743147,8.4680033,5.1263423,8.6999998,8.0312586
43,1,1977,3055.26,7.5999422,5.5712409,6.6775994,8.4776077,8.4996405,5.1840281,7,8.0246201
43,1,1978,3019.4199,7.5956941,5.5441222,6.6516752,8.5023232,8.5872784,5.2501769,5.9000001,8.0128202
43,1,1979,3020.0601,7.5849562,5.5653248,6.6726403,8.5381441,8.6249704,5.2877617,5.0999999,8.013032
43,1,1980,3032.3601,7.5711699,5.5950089,6.7115822,8.5769911,8.6365747,5.2988172,6.4000001,8.0170965
43,1,1981,3016.79,7.5562606,5.635325,6.7141218,8.6151819,8.6784611,5.3195896,5.6999998,8.0119486
43,1,1982,2983.1899,7.5366359,5.6611185,6.7095604,8.6431494,8.6777802,5.3127131,6.9000001,8.0007486
43,1,1983,2950.98,7.5269222,5.676754,6.6865973,8.658123,8.742095,5.3298159,6.9000001,7.9898925
43,1,1984,2927.8501,7.5215507,5.7186384,6.6540623,8.6712351,8.8052254,5.370173,5.1999998,7.9820237
43,1,1985,2925.3899,7.5168085,5.7787662,6.6377034,8.6998129,8.8737478,5.4147663,4.8000002,7.9811831
43,1,1986,2936.4399,7.5121589,5.8156519,6.6474032,8.8449688,8.9339275,5.4570289,4.6999998,7.9849534
44,5,1970,20732.561,9.3293858,7.8924932,8.8233891,10.454692,10.784545,7.3257418,3.4000001,9.9394608
44,5,1971,21582.279,9.3595018,7.9071841,8.8897152,10.513133,10.820758,7.3570457,3.5999999,9.9796276
44,5,1972,22348.279,9.3857956,7.9332123,8.9414177,10.551725,10.876669,7.4116769,3.5999999,10.014504
44,5,1973,22927,9.4069471,7.9562244,8.9747534,10.596437,10.946622,7.4693122,3.5999999,10.040071
44,5,1974,23570.721,9.440011,7.9735928,8.9978399,10.649119,10.958513,7.4979281,4,10.06776
44,5,1975,24524.641,9.4754057,8.0203991,9.0415783,10.695302,10.955881,7.4836378,6.4000001,10.107433
44,5,1976,25440.391,9.5028334,8.1037941,9.075181,10.788818,11.004131,7.5219135,5.9000001,10.144094
44,5,1977,26020.051,9.5224915,8.1764984,9.0825138,10.807765,11.053284,7.5654826,5.3000002,10.166623
44,5,1978,26621.801,9.5456009,8.2393351,9.0883694,10.839412,11.10413,7.6175137,5.4000001,10.189486
44,5,1979,27058.08,9.5578899,8.2862749,9.0975208,10.88006,11.12907,7.6568103,4.6999998,10.205741
44,5,1980,27606.76,9.5698957,8.3457146,9.1124792,10.923491,11.13877,7.6765661,5,10.225816
44,5,1981,27993.189,9.5748596,8.3903732,9.125927,10.953678,11.166356,7.6782336,6.0999999,10.239717
44,5,1982,28206.711,9.5757151,8.4371948,9.1248455,10.982245,11.161593,7.6715474,7.6999998,10.247315
44,5,1983,28109.5,9.5677614,8.4642859,9.112812,10.998332,11.216674,7.6993442,6.0999999,10.243863
44,5,1984,28031.461,9.5656271,8.4646082,9.1073885,11.014627,11.281359,7.7550387,5,10.241083
44,5,1985,27922.619,9.5644207,8.4638433,9.0975838,11.046287,11.328318,7.8057599,5.5999999,10.237192
44,5,1986,28000.68,9.5647869,8.4736443,9.1005068,11.175434,11.387033,7.8468637,5,10.239985
45,9,1970,25751.49,9.0661383,8.1422377,9.5220633,10.529598,10.577044,6.9841604,9.1000004,10.156248
45,9,1971,26775.461,9.1074686,8.16467,9.5637016,10.577929,10.570445,6.9702606,10,10.195241
45,9,1972,27853.91,9.1482649,8.1765995,9.6090527,10.615564,10.609921,7.0031562,9.5,10.234729
45,9,1973,28392.6,9.1780128,8.174593,9.6264877,10.65082,10.679827,7.0495152,7.6999998,10.253883
45,9,1974,29137.6,9.2182055,8.2028141,9.6426048,10.702416,10.722937,7.0893264,7.1999998,10.279785
45,9,1975,29497.891,9.2309685,8.2236671,9.652544,10.747637,10.744343,7.1112676,9.5,10.292074
45,9,1976,29997.51,9.2396641,8.2556858,9.6709557,10.826005,10.793373,7.1568785,8.6999998,10.308869
45,9,1977,30862.779,9.2379389,8.3748293,9.6956282,10.849461,10.84955,7.2203736,8.8000002,10.337306
45,9,1978,31968.1,9.2490549,8.4678659,9.7299681,10.877952,10.948611,7.3034396,6.9000001,10.372494
45,9,1979,33454.73,9.256341,8.4811764,9.807024,10.913401,11.005013,7.3659391,6.8000002,10.417949
45,9,1980,35106.09,9.271533,8.5003729,9.8811636,10.950833,10.998694,7.3829331,7.9000001,10.46613
45,9,1981,36528,9.284503,8.50984,9.9424591,11.005278,10.984902,7.385231,9.5,10.505835
45,9,1982,37941.5,9.2976665,8.487319,10.006772,11.029679,10.946322,7.3579388,12,10.5438
45,9,1983,39515.57,9.3109875,8.4827137,10.07011,11.04237,10.982373,7.3690333,11,10.58445
45,9,1984,40454.469,9.3357182,8.4799089,10.098301,11.05495,11.026906,7.4143319,9.5,10.607932
45,9,1985,40775.809,9.3482323,8.4950294,10.102621,11.08105,11.061375,7.4444823,8.1000004,10.615845
45,9,1986,41136.359,9.3705931,8.5257483,10.100506,11.097922,11.114803,7.4786782,8.1999998,10.624648
46,5,1970,6482.8701,8.3062553,6.3878555,7.5170698,10.098654,9.8016205,6.2470751,6.0999999,8.7769184
46,5,1971,7051.1699,8.3982906,6.3512349,7.6199646,10.139064,9.8221693,6.253829,6.5,8.8609486
46,5,1972,7652.54,8.5045919,6.3425264,7.6717849,10.173604,9.8685856,6.2924948,6.5,8.9427929
46,5,1973,8245.21,8.6160717,6.3317866,7.6794314,10.211976,9.8904533,6.33079,5.6999998,9.0173874
46,5,1974,8735.9502,8.7033453,6.3136024,7.6782708,10.256205,9.8543501,6.3498383,5.9000001,9.075202
46,5,1975,9220.6201,8.7642813,6.3196707,7.7247868,10.298604,9.8537197,6.353848,8.5,9.1291971
46,5,1976,9624.8604,8.8049717,6.3475642,7.7775621,10.388742,9.9179821,6.3907437,7.5,9.1721048
46,5,1977,9942.1504,8.8355541,6.3475294,7.8227291,10.417763,9.9614258,6.4160786,7.0999999,9.2045383
46,5,1978,10115.55,8.8498049,6.3595567,7.8495307,10.452272,10.000433,6.4506283,6.1999998,9.2218294
46,5,1979,10457.33,8.8703299,6.3940253,7.9162421,10.488949,10.025352,6.4901161,6.6999998,9.2550583
46,5,1980,10705.18,8.8893194,6.4093194,7.9528365,10.525475,10.014537,6.470645,7.9000001,9.2784834
46,5,1981,10943.56,8.9093456,6.4563928,7.9745226,10.453956,10.001204,6.443336,11,9.3005066
46,5,1982,11059.62,8.922966,6.5314021,7.9624019,10.477401,9.9697437,6.4098458,14,9.3110561
46,5,1983,11078.85,8.9294338,6.6283193,7.9271946,10.489404,9.9437656,6.3669858,18,9.3127928
46,5,1984,11072.89,8.9308538,6.6956258,7.9018583,10.493167,9.981143,6.3912468,15,9.3122549
46,5,1985,11000.7,8.9283371,6.7116065,7.8770556,10.506421,9.9817905,6.392252,13,9.3057146
46,5,1986,10984.38,8.9286394,6.7262454,7.8653336,10.485193,9.9852982,6.3927541,12,9.3042297
47,3,1970,23565.08,9.1788578,8.2860575,9.2009811,10.57926,10.721085,7.3332844,3.9000001,10.067521
47,3,1971,24271.67,9.2005949,8.2909946,9.2477188,10.618408,10.747315,7.3300118,4.5,10.097065
47,3,1972,24747.061,9.2144346,8.2928715,9.2790022,10.651619,10.797103,7.3656864,4.1999998,10.116462
47,3,1973,25226.91,9.2315159,8.3133621,9.2997141,10.686899,10.86019,7.4148741,4.0999999,10.135667
47,3,1974,25539.33,9.2515192,8.3357477,9.3009701,10.73497,10.855724,7.4403815,4.5999999,10.147975
47,3,1975,25799.34,9.2593946,8.3640842,9.3062315,10.777874,10.838207,7.4246426,6.9000001,10.158104
47,3,1976,25842.141,9.2589817,8.3802223,9.3041697,10.796968,10.894013,7.4535041,5.5999999,10.159761
47,3,1977,25945.01,9.2642918,8.3897343,9.3046532,10.821573,10.951771,7.4949307,4.9000001,10.163734
47,3,1978,25858.17,9.2667408,8.3929787,9.2930269,10.848753,11.000566,7.5427437,5.0999999,10.160382
47,3,1979,25885.939,9.2652149,8.412035,9.2892389,10.885305,11.02986,7.580802,4.5,10.161455
47,3,1980,25894.16,9.267972,8.4134293,9.2867193,10.924234,11.006341,7.5694633,7.1999998,10.161773
47,3,1981,25984.74,9.2730503,8.4307718,9.2828026,10.913551,11.015592,7.5617456,7.8000002,10.165265
47,3,1982,26034.631,9.2785282,8.4485006,9.2743378,10.937784,10.994706,7.5319276,11,10.167183
47,3,1983,26289.52,9.2913523,8.4741755,9.2738981,10.94927,11.019498,7.5308018,10,10.176926
47,3,1984,26225.891,9.2901525,8.5084991,9.2532396,10.9585,11.08921,7.5751743,7.3000002,10.174502
47,3,1985,26304.98,9.293973,8.5448961,9.2391453,10.983678,11.119424,7.5924168,7.1999998,10.177513
47,3,1986,26400.6,9.2917986,8.574069,9.23594,11.006119,11.15869,7.6127815,7,10.181142
48,8,1970,3674.01,7.899621,5.6431475,6.5445018,9.568696,8.9776516,4.6849051,4.5,8.2090387
48,8,1971,3701.9099,7.9145045,5.6169167,6.5369668,9.5790815,8.9231911,4.7095304,4.5,8.2166042
48,8,1972,3701.9099,7.9233155,5.6009374,6.5077553,9.5876656,8.9627762,4.7647347,4,8.2166042
48,8,1973,3722.9299,7.9321613,5.5676956,6.5156898,9.6115522,8.9955368,4.8370752,3.5,8.2222662
48,8,1974,3732.0901,7.9390163,5.5548568,6.505784,9.6346207,9.0860233,4.9163246,3.5999999,8.2247238
48,8,1975,3772.46,7.9361849,5.5711269,6.5695658,9.659503,9.0992975,4.9836068,4.1999998,8.2354822
48,8,1976,3884.01,7.9389019,5.6111188,6.6924186,9.8801918,9.1112928,5.0530562,4.0999999,8.2646236
48,8,1977,4037.03,7.9718933,5.6755204,6.7417479,9.9023705,9.1879921,5.1387353,3.5999999,8.3032646
48,8,1978,4115.6099,7.97963,5.68606,6.8024392,9.9407949,9.3090992,5.2332454,3.3,8.3225422
48,8,1979,4268.71,7.9897399,5.7477036,6.9124541,9.98246,9.3916616,5.3018112,2.8,8.359067
48,8,1980,4399.6899,7.9994202,5.8232236,6.9869361,10.026953,9.4747791,5.3480597,4,8.3892889
48,8,1981,4572.6699,8.0082388,5.9380374,7.0799088,10.178472,9.526391,5.4094114,4.0999999,8.4278526
48,8,1982,4731.98,8.0263796,6.0123205,7.1411657,10.230088,9.4770031,5.3831182,5.8000002,8.4620991
48,8,1983,4950.8198,8.0455818,6.0993991,7.2336359,10.260689,9.3861408,5.31074,8.3999996,8.507308
48,8,1984,5184.73,8.0695553,6.1666145,7.321506,10.26795,9.3987265,5.3195896,6.3000002,8.5534735
48,8,1985,5448.3799,8.100441,6.2596006,7.395998,10.286262,9.3944941,5.3322353,7.0999999,8.6030731
48,8,1986,5700.4102,8.131813,6.337852,7.458117,10.207677,9.2937622,5.279644,9,8.6482935
