state,year,price,population,population16,cpi,ndi,c,pimin,c_1,price_1,ndi_1,pimin_1
1,64,29.8,3431,2276.7,31,1684.073,95.4,27.5,93.9,28.6,1558.305,26.1
1,65,29.8,3486,2327.5,31.5,1809.842,98.5,28.9,95.4,29.8,1684.073,27.5
1,66,31.5,3524,2369.7,32.4,1915.16,96.4,29.5,98.5,29.8,1809.842,28.9
1,67,31.6,3533,2393.7,33.4,2023.546,95.5,29.6,96.4,31.5,1915.16,29.5
1,68,35.6,3522,2405.2,34.8,2202.486,88.4,32,95.5,31.6,2023.546,29.6
1,69,36.6,3531,2411.9,36.7,2377.335,90.1,32.8,88.4,35.6,2202.486,32
1,70,39.6,3444,2394.6,38.8,2591.039,89.8,34.3,90.1,36.6,2377.335,32.8
1,71,42.7,3481,2443.5,40.5,2785.316,95.4,35.8,89.8,39.6,2591.039,34.3
1,72,42.3,3511,2484.7,41.8,3034.808,101.1,37.4,95.4,42.7,2785.316,35.8
1,73,42.1,3540,2526,44.4,3387.574,102.9,37.3,101.1,42.3,3034.808,37.4
1,74,43.1,3574,2573.9,49.3,3718.867,108.2,41.4,102.9,42.1,3387.574,37.3
1,75,46.6,3614,2623.7,53.8,4087.993,111.7,43,108.2,43.1,3718.867,41.4
1,76,50.4,3657,2677.4,56.9,4486.772,116.2,46.4,111.7,46.6,4087.993,43
1,77,50.1,3690,2719.6,60.6,4899.866,117.1,48.8,116.2,50.4,4486.772,46.4
1,78,55.1,3728,2764.6,65.2,5450.999,123,53.6,117.1,50.1,4899.866,48.8
1,79,56.8,3769,2810.7,72.6,5957.141,121.4,56.5,123,55.1,5450.999,53.6
1,80,60.6,3894,2898.9,82.4,6466.35,123.2,59.3,121.4,56.8,5957.141,56.5
1,81,68.8,3917,2924.7,90.9,7042.023,119.6,62.6,123.2,60.6,6466.35,59.3
1,82,73.1,3943,2953.5,96.5,7505.22,119.1,67.8,119.6,68.8,7042.023,62.6
1,83,84.4,3959,2977.5,99.6,7974.552,116.3,78.6,119.1,73.1,7505.22,67.8
1,84,90.8,3990,3009.1,103.9,8693.376,113,86.8,116.3,84.4,7974.552,78.6
1,85,99,4020,3039.8,107.6,9059.435,114.5,90.7,113,90.8,8693.376,86.8
1,86,103,4050,3072.4,109.6,9674.985,116.3,98.8,114.5,99,9059.435,90.7
1,87,110,4083,3104,113.6,10213.85,114,103.5,116.3,103,9674.985,98.8
1,88,114.4,4102,3124,118.3,10993,112.1,109.2,114,110,10213.85,103.5
1,89,122.3,4118,3140,124,11634,105.6,121.5,112.1,114.4,10993,109.2
1,90,139.1,4129.2,3148.6,130.7,12806,108.6,132.3,105.6,122.3,11634,121.5
1,91,144.4,4178.3,3185.1,136.2,13360,107.9,137.4,108.6,139.1,12806,132.3
1,92,172.2,4226.3,3226.7,140.3,14533,109.1,159.5,107.9,144.4,13360,137.4
3,64,24,1549,1005.6,31,2063.516,121,25.5,125,23.9,1944.745,24.9
3,65,24.2,1575,1024.9,31.5,2162.664,123.2,25.3,121,24,2063.516,25.5
3,66,29.6,1609,1051.9,32.4,2318.615,113.9,25.5,123.2,24.2,2162.664,25.3
3,67,29.2,1637,1078.9,33.4,2446.681,117.1,26,113.9,29.6,2318.615,25.5
3,68,31.3,1667,1106,34.8,2720.371,115.6,32.3,117.1,29.2,2446.681,26
3,69,36.1,1693,1117.5,36.7,2979.601,113.8,33.3,115.6,31.3,2720.371,32.3
3,70,37.1,1772,1226.6,38.8,3269.816,115.2,34.6,113.8,36.1,2979.601,33.3
3,71,38.5,1878,1313.5,40.5,3549.702,109.6,36.6,115.2,37.1,3269.816,34.6
3,72,38,1975,1393.6,41.8,3800.67,125,37.2,109.6,38.5,3549.702,36.6
3,73,38.7,2075,1476.5,44.4,4219.983,128.3,36.5,125,38,3800.67,37.2
3,74,39.2,2156,1547,49.3,4508.132,133.1,37.8,128.3,38.7,4219.983,36.5
3,75,47.7,2200,1591.4,53.8,4742.575,121.8,40.5,133.1,39.2,4508.132,37.8
3,76,49.1,2244,1635.8,56.9,5158.79,122.3,43.4,121.8,47.7,4742.575,40.5
3,77,48.7,2304,1690.8,60.6,5567.775,121.7,44.7,122.3,49.1,5158.79,43.4
3,78,53.6,2373,1750.6,65.2,6283.499,124.7,49.5,121.7,48.7,5567.775,44.7
3,79,58.6,2450,1812.4,72.6,7099.404,124.6,53.7,124.7,53.6,6283.499,49.5
3,80,60.8,2718,2044,82.4,7823.39,126.8,57.2,124.6,58.6,7099.404,53.7
3,81,63.3,2794,2103.8,90.9,8647.558,113.8,62.7,126.8,60.8,7823.39,57.2
3,82,73.3,2860,2153.1,96.5,8879.936,113.5,68.1,113.8,63.3,8647.558,62.7
3,83,80.5,2963,2231.2,99.6,9579.135,111.1,79.6,113.5,73.3,8879.936,68.1
3,84,92.8,3053,2300.7,103.9,10549.96,107.1,90.2,111.1,80.5,9579.135,79.6
3,85,98.8,3161,2384.7,107.6,11256.39,107.1,97.5,107.1,92.8,10549.96,90.2
3,86,106.7,3279,2483.1,109.6,11796.54,107.9,101.2,107.1,98.8,11256.39,97.5
3,87,113.5,3386,2569,113.6,12367.67,106.1,103.9,107.9,106.7,11796.54,101.2
3,88,113.5,3489,2638,118.3,13008,102.2,113.7,106.1,113.5,12367.67,103.9
3,89,125.6,3556,2672,124,13625,96.8,126.4,102.2,113.5,13008,113.7
3,90,130.2,3598.2,2703.7,130.7,13826,88.9,133.6,96.8,125.6,13625,126.4
3,91,151.4,3681.7,2759.1,136.2,14232,81.2,146.9,88.9,130.2,13826,133.6
3,92,165.7,3762.2,2804.8,140.3,15179,79,165.4,81.2,151.4,14232,146.9
4,64,27.3,1939,1320.7,31,1610.08,102.6,25.7,103.4,27,1480.333,25.8
4,65,27.2,1941,1323.6,31.5,1710.199,100.3,26.1,102.6,27.3,1610.08,25.7
4,66,30.3,1963,1344.8,32.4,1883.875,98.9,26.2,100.3,27.2,1710.199,26.1
4,67,30.4,1972,1357.3,33.4,2004.427,102.9,27.5,98.9,30.3,1883.875,26.2
4,68,30.9,1983,1374.6,34.8,2143.368,104,29.2,102.9,30.4,2004.427,27.5
4,69,30.9,1995,1389,36.7,2286.395,102.9,29.9,104,30.9,2143.368,29.2
4,70,36.7,1923,1366.9,38.8,2493.785,100.3,34.3,102.9,30.9,2286.395,29.9
4,71,38.8,1961,1405.4,40.5,2710.369,104.1,36.8,100.3,36.7,2493.785,34.3
4,72,44.1,1999,1442.9,41.8,2950.451,103.9,37.4,104.1,38.8,2710.369,36.8
4,73,45.1,2030,1474.6,44.4,3410.182,108,37.3,103.9,44.1,2950.451,37.4
4,74,45.5,2063,1508.3,49.3,3807.594,109.7,38,108,45.1,3410.182,37.3
4,75,48.6,2112,1552.5,53.8,4057.891,114.8,43,109.7,45.5,3807.594,38
4,76,50.9,2113,1565.1,56.9,4362.335,119.1,44.7,114.8,48.6,4057.891,43
4,77,52.6,2143,1596.8,60.6,4859.866,122.6,45.9,119.1,50.9,4362.335,44.7
4,78,56.5,2167,1623.7,65.2,5467.733,127.3,49.9,122.6,52.6,4859.866,45.9
4,79,58.4,2180,1641,72.6,6015.323,126.5,52.2,127.3,56.5,5467.733,49.9
4,80,61.5,2286,1715.1,82.4,6278.902,131.8,57.3,126.5,58.4,6015.323,52.2
4,81,64.7,2296,1725.7,90.9,7101.31,128.7,59.9,131.8,61.5,6278.902,57.3
4,82,72.1,2291,1724.7,96.5,7390.43,127.4,64.7,128.7,64.7,7101.31,59.9
4,83,82,2328,1757.4,99.6,7886.939,128,74.8,127.4,72.1,7390.43,64.7
4,84,93.6,2349,1776.7,103.9,8546.908,123.1,84.8,128,82,7886.939,74.8
4,85,98.5,2359,1790.1,107.6,9134.342,125.8,92.5,123.1,93.6,8546.908,84.8
4,86,103.6,2371,1804.6,109.6,9550.144,126,98.8,125.8,98.5,9134.342,92.5
4,87,113,2388,1819,113.6,9886.258,122.3,103.5,126,103.6,9550.144,98.8
4,88,119.9,2395,1823,118.3,10630,121.5,112.1,122.3,113,9886.258,103.5
4,89,127.7,2406,1831,124,11243,118.3,118.9,121.5,119.9,10630,112.1
4,90,141.2,2411.1,1834.9,130.7,12370,113.1,129.1,118.3,127.7,11243,118.9
4,91,146.5,2432.7,1851.2,136.2,12917,116.8,132.5,113.1,141.2,12370,129.1
4,92,177.3,2460.4,1876.7,140.3,13879,126,153.1,116.8,146.5,12917,132.5
5,64,25.5,18003,12384.3,31,2974.929,138.3,24,142,25.3,2776.097,23.9
5,65,25.3,18403,12673.3,31.5,3107.845,140,24.2,138.3,25.5,2974.929,24
5,66,25.5,18669,12898.5,32.4,3296.952,136.8,29.6,140,25.3,3107.845,24.2
5,67,26,18992,13181.8,33.4,3462.286,135.8,29.2,136.8,25.5,3296.952,29.6
5,68,35.4,19179,13370.3,34.8,3690.296,124.3,31.3,135.8,26,3462.286,29.2
5,69,36.6,19443,13681.6,36.7,3919.386,123.9,33.3,124.3,35.4,3690.296,31.3
5,70,38.8,19953,14317.6,38.8,4192.781,123,37.1,123.9,36.6,3919.386,33.3
5,71,39.7,20266,14670.5,40.5,4414.307,121,38.5,123,38.8,4192.781,37.1
5,72,39.9,20447,14938.3,41.8,4650.961,123.5,38,121,39.7,4414.307,38.5
5,73,39.9,20670,15243.7,44.4,5103.738,124.4,38.7,123.5,39.9,4650.961,38
5,74,41.9,20915,15566.6,49.3,5607.304,126.7,39.2,124.4,39.9,5103.738,38.7
5,75,45,21216,15933,53.8,6138.966,127.1,44.5,126.7,41.9,5607.304,39.2
5,76,48.3,21550,16318.7,56.9,6630.646,128,44.9,127.1,45,6138.966,44.5
5,77,49,21900,16697.6,60.6,7234.708,126.4,48.7,128,48.3,6630.646,44.9
5,78,58.7,22314,17117.2,65.2,8021.396,126.1,53.6,126.4,49,7234.708,48.7
5,79,60.1,22694,17481.6,72.6,8957.207,121.9,57.1,126.1,58.7,8021.396,53.6
5,80,62.1,23669,20853.4,82.4,9891.938,120.2,60.8,121.9,60.1,8957.207,57.1
5,81,66.4,24196,18670.6,90.9,10816.94,118.6,63.3,120.2,62.1,9891.938,60.8
5,82,72.8,24724,19064.1,96.5,11361.57,115.4,71.6,118.6,66.4,10816.94,63.3
5,83,84.9,25174,19419.8,99.6,12027.23,110.8,80.5,115.4,72.8,11361.57,71.6
5,84,94.9,25622,19776.5,103.9,13019.23,104.8,92.8,110.8,84.9,12027.23,80.5
5,85,98,26358,20215.4,107.6,13755.13,102.8,98.8,104.8,94.9,13019.23,92.8
5,86,104.4,27001,20695.9,109.6,14350.55,99.7,106.6,102.8,98,13755.13,98.8
5,87,103.9,27663,21156,113.6,15016.21,97.5,113.5,99.7,104.4,14350.55,106.6
5,88,117.4,28314,21591,118.3,16059,90.1,113.5,97.5,103.9,15016.21,113.5
5,89,126.4,29063,22081,124,16779,82.4,125.6,90.1,117.4,16059,113.5
5,90,163.8,29602.1,22490.6,130.7,17384,77.8,130.2,82.4,126.4,16779,125.6
5,91,186.8,30218.8,22694,136.2,17705,68.7,151.4,77.8,163.8,17384,130.2
5,92,201.9,30703.3,22920,140.3,18495,67.5,165.7,68.7,186.8,17705,151.4
7,64,27.8,2784,1929.7,31,3104.145,143.5,26.9,156.2,26.8,2913.68,26.2
7,65,28.1,2830,1961.5,31.5,3249.668,147,26.5,143.5,27.8,3104.145,26.9
7,66,30.1,2886,2004.9,32.4,3493.634,144.5,30,147,28.1,3249.668,26.5
7,67,31.1,2918,2034.8,33.4,3763.281,145.6,31,144.5,30.1,3493.634,30
7,68,31.3,2961,2075.2,34.8,3897.034,143.2,32.1,145.6,31.1,3763.281,31
7,69,32.2,3000,2127.2,36.7,4135.649,144.7,35,143.2,31.3,3897.034,32.1
7,70,42.2,3032,2155.2,38.8,4482.338,120,39.3,144.7,32.2,4135.649,35
7,71,45.5,3063,2201.4,40.5,4715.604,117.6,40.2,120,42.2,4482.338,39.3
7,72,51.3,3074,2234.2,41.8,4948.869,110.8,41.6,117.6,45.5,4715.604,40.2
7,73,50.6,3076,2258.3,44.4,5496.722,109.3,40.6,110.8,51.3,4948.869,41.6
7,74,52.5,3085,2292.9,49.3,5949.343,112.4,41.3,109.3,50.6,5496.722,40.6
7,75,54.5,3097,2327.6,53.8,6407.314,110.2,44.3,112.4,52.5,5949.343,41.3
7,76,57.6,3101,2356.5,56.9,6838.534,113.4,52.2,110.2,54.5,6407.314,44.3
7,77,58.4,3107,2384.5,60.6,7505.16,117.3,52.3,113.4,57.6,6838.534,52.2
7,78,61.7,3116,2415.3,65.2,8309.819,117.5,56.3,117.3,58.4,7505.16,52.3
7,79,64.4,3115,2435.5,72.6,9295.313,117.4,58.7,117.5,61.7,8309.819,56.3
7,80,67,3108,2424,82.4,10384.6,118,60,117.4,64.4,9295.313,58.7
7,81,80.1,3134,2461.5,90.9,11470.68,116.4,64.5,118,67,10384.6,60
7,82,85.6,3153,2487.6,96.5,12380.2,114.7,71.6,116.4,80.1,11470.68,64.5
7,83,95.6,3138,2487.6,99.6,13485.53,114.1,83.1,114.7,85.6,12380.2,71.6
7,84,113.5,3154,2505.9,103.9,14927.93,112.5,94.8,114.1,95.6,13485.53,83.1
7,85,118.6,3175,2525.1,107.6,15685.51,111,100.3,112.5,113.5,14927.93,94.8
7,86,118.5,3193,2541.5,109.6,16486.96,108.5,101.8,111,118.6,15685.51,100.3
7,87,122.7,3211,2555,113.6,17762.43,109,113.5,108.5,118.5,16486.96,101.8
7,88,129.7,3233,2568,118.3,19559,104.8,121.5,109,122.7,17762.43,113.5
7,89,142,3239,2564,124,20687,100.6,134.8,104.8,129.7,19559,121.5
7,90,171.2,3242.9,2567.1,130.7,21447,91.5,150.9,100.6,142,20687,134.8
7,91,169.5,3246.9,2555.4,136.2,21967,86.7,163.3,91.5,171.2,21447,150.9
7,92,193.5,3237,2536.7,140.3,22891,83.6,175.9,86.7,169.5,21967,163.3
8,64,27.1,494,326.3,31,2325.34,170.9,28.5,165.8,26.8,2261.462,26.8
8,65,27.2,503,332.1,31.5,2529.367,170.8,27.9,170.9,27.1,2325.34,28.5
8,66,31,514,343.6,32.4,2691.445,161.3,28.2,170.8,27.2,2529.367,27.9
8,67,30.7,524,353.2,33.4,2864.01,158.2,29.4,161.3,31,2691.445,28.2
8,68,32,533,359,34.8,3061.364,164.8,30.9,158.2,30.7,2864.01,29.4
8,69,32.2,540,362.8,36.7,3287.32,175.5,30.7,164.8,32,3061.364,30.9
8,70,39,584,378.2,38.8,3495.161,155,32.6,175.5,32.2,3287.32,30.7
8,71,41.3,563,392.6,40.5,3730.65,161.1,34.2,155,39,3495.161,32.6
8,72,44.7,570,403.1,41.8,4015.717,156.3,34.3,161.1,41.3,3730.65,34.2
8,73,44,573,409.9,44.4,4438.072,154.7,35.3,156.3,44.7,4015.717,34.3
8,74,44.2,576,416.6,49.3,4755.554,151.3,35.8,154.7,44,4438.072,35.3
8,75,45.9,579,424.3,53.8,5112.125,147.6,39.5,151.3,44.2,4755.554,35.8
8,76,50.1,582,431,56.9,5440.095,153,46.1,147.6,45.9,5112.125,39.5
8,77,51.7,582,434.8,60.6,5850.056,153.3,49.2,153,50.1,5440.095,46.1
8,78,58.7,584,440.6,65.2,6407.794,155.5,52.1,153.3,51.7,5850.056,49.2
8,79,60,582,441.5,72.6,7017.017,150.2,56.2,155.5,58.7,6407.794,52.1
8,80,62.7,595,454,82.4,7773.062,150.5,58.1,150.2,60,7017.017,56.2
8,81,66,598,458.8,90.9,8492.878,152.6,62.8,150.5,62.7,7773.062,58.1
8,82,74.1,602,463.6,96.5,9213.647,154.1,65.4,152.6,66,8492.878,62.8
8,83,82,606,469.4,99.6,10081.24,149.6,74.9,154.1,74.1,9213.647,65.4
8,84,91.1,613,476.1,103.9,10806.78,144,84.2,149.6,82,10081.24,74.9
8,85,98.7,622,481.8,107.6,11563.78,144.5,90.1,144,91.1,10806.78,84.2
8,86,105.2,633,492.4,109.6,12062.4,142.4,93.3,144.5,98.7,11563.78,90.1
8,87,111.4,644,502,113.6,12960.51,141,100.3,142.4,105.2,12062.4,93.3
8,88,119.3,660,513,118.3,14137,137.1,109.2,141,111.4,12960.51,100.3
8,89,124,673,522,124,14949,131.7,120.2,137.1,119.3,14137,109.2
8,90,140,681.2,528.3,130.7,16435,127.2,131.5,131.7,124,14949,120.2
8,91,143.2,695.5,537.5,136.2,16732,118.8,141.6,127.2,140,16435,131.5
8,92,174.7,704.7,543.6,140.3,18300,120,159.1,118.8,143.2,16732,141.6
9,64,23.9,795,559.3,31,2894.005,235.3,25.2,246.4,23.4,2733.227,24.7
9,65,24.1,802,560.2,31.5,3068.443,246.5,25.1,235.3,23.9,2894.005,25.2
9,66,24.1,806,559.3,32.4,3215.561,295.9,24.7,246.5,24.1,3068.443,25.1
9,67,26.6,808,559.3,33.4,3479.321,249.8,26.3,295.9,24.1,3215.561,24.7
9,68,26.7,802,554.4,34.8,3752.538,224.3,27.1,249.8,26.6,3479.321,26.3
9,69,27.2,798,561.2,36.7,3907.011,212.2,28.3,224.3,26.7,3752.538,27.1
9,70,28.5,756,563.1,38.8,4202.296,200.4,28.8,212.2,27.2,3907.011,28.3
9,71,32.6,750,560.2,40.5,4600.563,213,30.2,200.4,28.5,4202.296,28.8
9,72,33.7,744,558.3,41.8,4964.153,220.6,29.9,213,32.6,4600.563,30.2
9,73,34.5,734,553.4,44.4,5310.929,209.4,30.1,220.6,33.7,4964.153,29.9
9,74,36,721,547.6,49.3,5894.144,182.7,31.3,209.4,34.5,5310.929,30.1
9,75,39.4,711,543.7,53.8,6587.696,176.5,33.6,182.7,36,5894.144,31.3
9,76,47.8,697,536.9,56.9,7003.827,167.7,37.9,176.5,39.4,6587.696,33.6
9,77,51.9,683,529.2,60.6,7770.938,136.7,38.4,167.7,47.8,7003.827,37.9
9,78,59.8,671,523.3,65.2,8369.915,130.3,42.8,136.7,51.9,7770.938,38.4
9,79,59.3,656,514.6,72.6,9306.211,128.5,45.8,130.3,59.8,8369.915,42.8
9,80,65.6,638,518.5,82.4,10605.04,129.7,48.5,128.5,59.3,9306.211,45.8
9,81,69,631,512.7,90.9,11612.8,131.9,51.8,129.7,65.6,10605.04,48.5
9,82,74.8,631,512.7,96.5,12167.64,132,56.4,131.9,69,11612.8,51.8
9,83,86.3,623,505.9,99.6,13222.68,124.5,68.8,132,74.8,12167.64,56.4
9,84,98.5,623,505.9,103.9,14479.48,124.6,76,124.5,86.3,13222.68,68.8
9,85,100.4,623,502.9,107.6,15439.95,122.1,83.6,124.6,98.5,14479.48,76
9,86,109.3,625,502.9,109.6,15675.33,117.2,91.3,122.1,100.4,15439.95,83.6
9,87,112.5,622,501,113.6,16632.64,113,94.6,117.2,109.3,15675.33,91.3
9,88,119,617,494,118.3,18397,105.4,102.1,113,112.5,16632.64,94.6
9,89,135.9,604,478,124,19937,101.1,109.4,105.4,119,18397,102.1
9,90,145.7,587.5,465,130.7,19351,84.1,128.6,101.1,135.9,19937,109.4
9,91,143.3,578.8,452,136.2,20231,82.2,136.5,84.1,145.7,19351,128.6
9,92,187.4,570.1,447.4,140.3,22101,82.6,157.9,82.2,143.3,20231,136.5
10,64,29.7,5654,4087.2,31,2122.917,125.5,27.5,137.5,26.3,1980.687,26.9
10,65,29.7,5796,4197.7,31.5,2261.986,131.1,29.8,125.5,29.7,2122.917,27.5
10,66,30,5914,4292.1,32.4,2430.555,131.3,30.6,131.1,29.7,2261.986,29.8
10,67,30.2,6035,4401.6,33.4,2599.125,132.8,31.5,131.3,30,2430.555,30.6
10,68,32,6210,4559.3,34.8,2861.46,129.3,33.3,132.8,30.2,2599.125,31.5
10,69,41.3,6354,4733.1,36.7,3131.171,121.2,34.2,129.3,32,2861.46,33.3
10,70,43.5,6789,5188.1,38.8,3444.077,123.6,34.3,121.2,41.3,3131.171,34.2
10,71,43.8,7101,5471.4,40.5,3693.77,123,35.8,123.6,43.5,3444.077,34.3
10,72,46.8,7407,5754.6,41.8,3978.23,126,40.9,123,43.8,3693.77,35.8
10,73,47.4,7757,6073.1,44.4,4483.938,132.6,42.1,126,46.8,3978.23,40.9
10,74,48.1,8087,6387.5,49.3,4813.701,136,42.4,132.6,47.4,4483.938,42.1
10,75,51.7,8253,6572.3,53.8,5129.768,131.9,44.5,136,48.1,4813.701,42.4
10,76,55.9,8348,6705.9,56.9,5436.353,130.3,47.9,131.9,51.7,5129.768,44.5
10,77,55.9,8481,6862.6,60.6,5965.239,133.1,49.5,130.3,55.9,5436.353,47.9
10,78,66.3,8661,7051.4,65.2,6677.443,133.4,54.7,133.1,55.9,5965.239,49.5
10,79,66.5,8860,7251.3,72.6,7425.468,135.4,56.6,133.4,66.3,6677.443,54.7
10,80,69.8,9749,8052.9,82.4,8227.225,139,59.3,135.4,66.5,7425.468,56.6
10,81,72.8,10183,8426.6,90.9,9132.23,132.8,62.6,139,69.8,8227.225,59.3
10,82,79,10416,8626.4,96.5,9545.225,131.8,67.8,132.8,72.8,9132.23,62.6
10,83,90.5,10680,8855.5,99.6,10352.25,127.6,78.9,131.8,79,9545.225,67.8
10,84,99.3,10976,9113.6,103.9,11091.85,124.7,86.8,127.6,90.5,10352.25,78.9
10,85,104.2,11053,9113.6,107.6,11764.02,124.2,90.7,124.7,99.3,11091.85,86.8
10,86,113.8,11373,9384.8,109.6,12378.24,124.7,100.1,124.2,104.2,11764.02,90.7
10,87,120.8,12023,9649,113.6,13193.69,125.1,103.9,124.7,113.8,12378.24,100.1
10,88,130.5,12335,9870,118.3,14144,119.5,109.2,125.1,120.8,13193.69,103.9
10,89,139.8,12671,10113,124,15049,113.8,122.3,119.5,130.5,14144,109.2
10,90,150.1,12971.8,10353.1,130.7,15859,110.1,132.3,113.8,139.8,15049,122.3
10,91,174.8,13311.7,10561.6,136.2,16254,98.2,138.2,110.1,150.1,15859,132.3
10,92,187,13523.2,10664.3,140.3,17246,95.9,159.5,98.2,174.8,16254,138.2
11,64,27.5,4304,2840,31,1865.922,107.6,26.5,108.3,26.9,1743.939,26.1
11,65,30.9,4391,2903.9,31.5,2024.086,103.5,26.2,107.6,27.5,1865.922,26.5
11,66,30.6,4462,2965,32.4,2193.622,104.8,26.2,103.5,30.9,2024.086,26.2
11,67,31.5,4490,2996.5,33.4,2366.258,106.7,27.3,104.8,30.6,2193.622,26.2
11,68,33.3,4579,3077.6,34.8,2530.625,105,29.5,106.7,31.5,2366.258,27.3
11,69,34.2,4641,3113.9,36.7,2730.139,108.6,29,105,33.3,2530.625,29.5
11,70,34.3,4589,3159.7,38.8,2955.497,109.9,32.5,108.6,34.2,2730.139,29
11,71,35.8,4679,3243.7,40.5,3189.125,115.7,34.3,109.9,34.3,2955.497,32.5
11,72,40.9,4751,3314.3,41.8,3467.204,117,34.1,115.7,35.8,3189.125,34.3
11,73,42.4,4826,3392.5,44.4,3885.873,119.8,33.5,117,40.9,3467.204,34.1
11,74,42.4,4888,3463.1,49.3,4188.763,123.7,35.2,119.8,42.4,3885.873,33.5
11,75,44.5,4926,3519.4,53.8,4493.72,122.9,38.1,123.7,42.4,4188.763,35.2
11,76,47.9,4968,3581.5,56.9,4872.073,125.9,41,122.9,44.5,4493.72,38.1
11,77,49.5,5027,3652.1,60.6,5279.371,127.9,42.2,125.9,47.9,4872.073,41
11,78,54.7,5075,3711.3,65.2,5893.419,130.6,49.2,127.9,49.5,5279.371,42.2
11,79,56.6,5117,3764.7,72.6,6422.701,131,50.2,130.6,54.7,5893.419,49.2
11,80,59.3,5464,4036.7,82.4,7014.007,134,52.3,131,56.6,6422.701,50.2
11,81,62.6,5574,4133.1,90.9,7744.869,131.7,54.7,134,59.3,7014.007,52.3
11,82,67.8,5639,4197,96.5,8357.884,131.2,61.9,131.7,62.6,7744.869,54.7
11,83,78.9,5732,4283.8,99.6,9010.182,128.6,72.4,131.2,67.8,8357.884,61.9
11,84,86.8,5837,4382.1,103.9,9955.031,126.3,81.3,128.6,78.9,9010.182,72.4
11,85,90.7,5973,4486.1,107.6,10577.35,128.8,83,126.3,86.8,9955.031,81.3
11,86,100.1,6100,4595.9,109.6,11423.99,129,88.7,128.8,90.7,10577.35,83
11,87,103.9,6222,4698,113.6,12115.57,129.3,95.3,129,100.1,11423.99,88.7
11,88,109.2,6342,4778,118.3,12925,124.1,99.9,129.3,103.9,12115.57,95.3
11,89,122.4,6436,4842,124,13464,117.1,111.9,124.1,109.2,12925,99.9
11,90,132.3,6503.3,4892.6,130.7,14354,113.8,125.2,117.1,122.4,13464,111.9
11,91,138.2,6648.8,4987.7,136.2,14694,109.6,129,113.8,132.3,14354,125.2
11,92,159.5,6777.3,5088.7,140.3,15943,109.2,151.9,109.6,138.2,14694,129
13,64,29.4,687,453.5,31,2021.606,90.1,26.2,97,28,1938.814,24.9
13,65,29.1,693,461.2,31.5,2302.472,95.2,26.1,90.1,29.4,2021.606,26.2
13,66,29.8,700,468.9,32.4,2314,94.5,26.5,95.2,29.1,2302.472,26.1
13,67,30.1,701,474.7,33.4,2445.001,98.3,27.4,94.5,29.8,2314,26.5
13,68,32,709,485.3,34.8,2559.234,99.1,32.3,98.3,30.1,2445.001,27.4
13,69,31.9,718,487.2,36.7,2813.9,100.6,32.6,99.1,32,2559.234,32.3
13,70,33.8,713,493,38.8,3058.086,102.4,34,100.6,31.9,2813.9,32.6
13,71,33.6,735,513.2,40.5,3245.679,108.5,34.4,102.4,33.8,3058.086,34
13,72,33.7,756,533.4,41.8,3615.626,126.1,34.4,108.5,33.6,3245.679,34.4
13,73,36.3,772,547.9,44.4,4165.83,121.8,34.4,126.1,33.7,3615.626,34.4
13,74,38,794,568.1,49.3,4643.721,125.6,35.8,121.8,36.3,4165.83,34.4
13,75,40.3,815,586.4,53.8,4804.066,123.3,38.6,125.6,38,4643.721,35.8
13,76,42.5,836,604.7,56.9,5161.437,125.1,42.6,123.3,40.3,4804.066,38.6
13,77,45.6,859,623,60.6,5555.488,125,43.4,125.1,42.5,5161.437,42.6
13,78,51.5,882,640.3,65.2,6217.829,122.8,49.5,125,45.6,5555.488,43.4
13,79,55.4,905,655.7,72.6,6672.664,117.5,51.7,122.8,51.5,6217.829,49.5
13,80,56.4,944,677.9,82.4,7348.628,115.2,55.3,117.5,55.4,6672.664,51.7
13,81,59.2,959,687.5,90.9,8047.649,114.1,55.9,115.2,56.4,7348.628,55.3
13,82,67.6,965,691.3,96.5,8138.826,111.5,64.3,114.1,59.2,8047.649,55.9
13,83,76.5,989,707.7,99.6,8744.574,111.3,71,111.5,67.6,8138.826,64.3
13,84,88.5,1001,717.3,103.9,9148.058,103.6,81.7,111.3,76.5,8744.574,71
13,85,97.6,1004,723.1,107.6,9493.9,100.7,87.4,103.6,88.5,9148.058,81.7
13,86,99.9,1002,726,109.6,9883.759,96.7,97.8,100.7,97.6,9493.9,87.4
13,87,107.1,998,726,113.6,10386.8,95,102.7,96.7,99.9,9883.759,97.8
13,88,121.9,1003,732,118.3,11177,84.5,112.9,95,107.1,10386.8,102.7
13,89,133.6,1014,742,124,12041,78.4,118.6,84.5,121.9,11177,112.9
13,90,141.3,1027.3,751.7,130.7,13318,90.1,129.5,78.4,133.6,12041,118.6
13,91,144.4,1059.9,777.4,136.2,14079,85.4,127,90.1,141.3,13318,129.5
13,92,167.2,1088.5,802.2,140.3,14572,85.1,155.1,85.4,144.4,14079,127
14,64,25.6,10538,7225.6,31,2831.551,144.5,25,145.5,25.4,2655.691,24.1
14,65,26.2,10641,7307.5,31.5,3037.767,145.5,24.5,144.5,25.6,2831.551,25
14,66,30,10787,7425.9,32.4,3229.329,144.2,24.7,145.5,26.2,3037.767,24.5
14,67,30.1,10887,7521.3,33.4,3391.58,141.8,25,144.2,30,3229.329,24.7
14,68,35.6,10958,7608.9,34.8,3582.095,132.6,26.3,141.8,30.1,3391.58,25
14,69,35.2,11047,7738,36.7,3795.639,130.4,27,132.6,35.6,3582.095,26.3
14,70,41.4,11113,7860.3,38.8,4013.37,124.8,28.3,130.4,35.2,3795.639,27
14,71,41.4,11172,7963.3,40.5,4319.031,125.6,30.1,124.8,41.4,4013.37,28.3
14,72,41.9,11200,8054.8,41.8,4560.838,126.6,30.6,125.6,41.4,4319.031,30.1
14,73,41,11179,8110.6,44.4,5158.552,124.4,30.6,126.6,41.9,4560.838,30.6
14,74,41.9,11169,8177.1,49.3,5603.435,131.9,31.5,124.4,41,5158.552,30.6
14,75,45.2,11178,8255.1,53.8,6120.546,131.8,33.3,131.9,41.9,5603.435,31.5
14,76,48.4,11209,8342.7,56.9,6523.558,134.4,36,131.8,45.2,6120.546,33.3
14,77,49.4,11232,8417.9,60.6,7108.71,134,36.9,134.4,48.4,6523.558,36
14,78,54.6,11238,8472.7,65.2,7812.149,136.7,41.4,134,49.4,7108.71,36.9
14,79,56.8,11229,8505.5,72.6,8642.249,135.3,43.4,136.7,54.6,7812.149,41.4
14,80,60,11427,8673.1,82.4,9179.249,135.2,46.3,135.3,56.8,8642.249,43.4
14,81,63.1,11462,8714.5,90.9,10134.96,133,49.4,135.2,60,9179.249,46.3
14,82,69.6,11448,8716.4,96.5,10588.22,130.7,56.3,133,63.1,10134.96,49.4
14,83,80.8,11486,8759.7,99.6,11044.62,127.9,66.4,130.7,69.6,10588.22,56.3
14,84,89.6,11511,8799.2,103.9,12027.55,124,75.4,127.9,80.8,11044.62,66.4
14,85,96.7,11538,8832.9,107.6,12644.1,121.6,79.3,124,89.6,12027.55,75.4
14,86,108.4,11551,8864.7,109.6,13314.05,118.2,85.4,121.6,96.7,12644.1,79.3
14,87,116.2,11582,8909,113.6,13970.38,109.5,90.5,118.2,108.4,13314.05,85.4
14,88,124.1,11614,8961,118.3,15103,107.6,94.4,109.5,116.2,13970.38,90.5
14,89,132.7,11658,9003,124,16060,104.6,103.8,107.6,124.1,15103,94.4
14,90,147.3,11679.5,9019.6,130.7,17510,94.1,115.6,104.6,132.7,16060,103.8
14,91,154.4,11793.9,9080.1,136.2,17908,96.1,120.5,94.1,147.3,17510,115.6
14,92,179.8,11883.8,9138.5,140.3,18914,94.8,135.8,96.1,154.4,17908,120.5
15,64,26,4832,3244.2,31,2344.611,134.3,25,138.5,24.4,2204.326,24.1
15,65,26,4893,3296.9,31.5,2562.259,135.3,24.5,134.3,26,2344.611,25
15,66,28.8,4973,3365.1,32.4,2702.543,132.1,24.7,135.3,26,2562.259,24.5
15,67,29.1,5012,3411.1,33.4,2784.032,134.8,25,132.1,28.8,2702.543,24.7
15,68,29.8,5065,3472.5,34.8,2970.735,134.3,26.3,134.8,29.1,2784.032,25
15,69,29.7,5118,3514.8,36.7,3194.571,132.9,27,134.3,29.8,2970.735,26.3
15,70,30.6,5193,3616.5,38.8,3304.942,134.6,28.3,132.9,29.7,3194.571,27
15,71,32.2,5239,3681.7,40.5,3570.039,139.3,30.1,134.6,30.6,3304.942,28.3
15,72,32.5,5278,3743.1,41.8,3812.443,149.2,30.6,139.3,32.2,3570.039,30.1
15,73,32.9,5304,3794.9,44.4,4427.22,156,30.6,149.2,32.5,3812.443,30.6
15,74,34.5,5318,3840,49.3,4611.859,159.6,31.5,156,32.9,4427.22,30.6
15,75,36.7,5312,3869.8,53.8,5024.461,162.4,33.3,159.6,34.5,4611.859,31.5
15,76,38.7,5326,3912,56.9,5521.646,166.6,36,162.4,36.7,5024.461,33.3
15,77,40.6,5352,3960,60.6,6012.643,173,36.9,166.6,38.7,5521.646,36
15,78,50,5387,4013.7,65.2,6663.522,150.9,41.4,173,40.6,6012.643,36.9
15,79,52.5,5400,4045.4,72.6,7358.757,148.9,43.4,150.9,50,6663.522,41.4
15,80,53.7,5490,4103.9,82.4,7760.013,146.9,46.3,148.9,52.5,7358.757,43.4
15,81,58.3,5468,4102,90.9,8407.798,148.5,49.4,146.9,53.7,7760.013,46.3
15,82,65.1,5471,4115.4,96.5,8612.036,147.7,56.3,148.5,58.3,8407.798,49.4
15,83,75.7,5479,4134.6,99.6,9060.74,143,66.4,147.7,65.1,8612.036,56.3
15,84,85.2,5498,4164.4,103.9,10077.8,137.8,75.4,143,75.7,9060.74,66.4
15,85,88.8,5500,4186.4,107.6,10502.78,135.3,79.3,137.8,85.2,10077.8,75.4
15,86,93.6,5503,4211.4,109.6,11140.25,137.6,85.4,135.3,88.8,10502.78,79.3
15,87,100.1,5531,4244,113.6,11803.51,134,90.5,137.6,93.6,11140.25,85.4
15,88,109.3,5556,4275,118.3,12638,134,94.4,134,100.1,11803.51,90.5
15,89,119,5593,4301,124,13451,132.5,103.8,134,109.3,12638,94.4
15,90,130.8,5613.2,4316.6,130.7,14441,128.3,115.6,132.5,119,13451,103.8
15,91,135.8,5680.1,4373.5,136.2,14773,127.2,120.5,128.3,130.8,14441,115.6
15,92,153.5,5732.7,4430.4,140.3,15882,128.2,135.8,127.2,135.8,14773,120.5
16,64,27.9,2763,1889.4,31,2280.563,109.7,25.6,114.9,26.4,2153.014,25.4
16,65,28.1,2758,1897.1,31.5,2537.7,116,26.1,109.7,27.9,2280.563,25.6
16,66,31.6,2764,1912.5,32.4,2722.39,108.2,26.2,116,28.1,2537.7,26.1
16,67,32,2772,1930.8,33.4,2744.838,113.7,27.5,108.2,31.6,2722.39,26.2
16,68,36.3,2775,1950.1,34.8,2918.304,109.2,29.2,113.7,32,2744.838,27.5
16,69,36,2781,1963.6,36.7,3165.237,107.9,29.9,109.2,36.3,2918.304,29.2
16,70,37.7,2825,2000.2,38.8,3369.314,108.5,33.9,107.9,36,3165.237,29.9
16,71,38.5,2849,2036.8,40.5,3507.067,108.4,34.7,108.5,37.7,3369.314,33.9
16,72,41.9,2856,2062.8,41.8,3892.772,109.4,37.7,108.4,38.5,3507.067,34.7
16,73,41.9,2858,2084,44.4,4829.487,110.6,37.7,109.4,41.9,3892.772,37.7
16,74,43.2,2861,2108.1,49.3,4793.773,116.1,38,110.6,41.9,4829.487,37.7
16,75,45.4,2873,2137,53.8,5289.681,120.5,42.8,116.1,43.2,4793.773,38
16,76,47.8,2894,2172.7,56.9,5794.772,124.4,44.7,120.5,45.4,5289.681,42.8
16,77,49.4,2903,2195.8,60.6,6047.828,125.5,45.9,124.4,47.8,5794.772,44.7
16,78,54.6,2906,2213.1,65.2,7016.174,127.1,49.9,125.5,49.4,6047.828,45.9
16,79,56.4,2902,2219.9,72.6,7617.182,124.2,52.2,127.1,54.6,7016.174,49.9
16,80,58.8,2913,2213.1,82.4,7957.99,124.6,57.3,124.2,56.4,7617.182,52.2
16,81,61.4,2899,2206.4,90.9,8951.847,132.9,59.9,124.6,58.8,7957.99,57.3
16,82,72.8,2905,2212.2,96.5,9118.169,116.2,64.7,132.9,61.4,8951.847,59.9
16,83,84,2905,2216,99.6,9124.292,115.6,74.8,116.2,72.8,9118.169,64.7
16,84,93.3,2910,2218.9,103.9,10180.39,111.2,84.8,115.6,84,9124.292,74.8
16,85,99.5,2880,2209.3,107.6,10668.14,109.4,92.3,111.2,93.3,10180.39,84.8
16,86,104.8,2850,2195.8,109.6,11155.88,104.1,101.9,109.4,99.5,10668.14,92.3
16,87,117.1,2834,2190,113.6,11623.22,101.1,108.5,104.1,104.8,11155.88,101.9
16,88,124.2,2834,2203,118.3,12213,100.2,114.6,101.1,117.1,11623.22,108.5
16,89,145.1,2840,2209,124,13138,94.4,118.9,100.2,124.2,12213,114.6
16,90,149.6,2846.1,2213.8,130.7,14647,95.4,129.1,94.4,145.1,13138,118.9
16,91,155.4,2864.6,2228.3,136.2,14873,97.1,132.5,95.4,149.6,14647,129.1
16,92,178.5,2882,2238.7,140.3,16089,95.2,153.1,97.1,155.4,14873,132.5
17,64,25.6,2237,1537.8,31,2316.597,111.2,25.7,115.8,25.8,2148.667,25.8
17,65,28.1,2248,1552.3,31.5,2488.699,107.8,26.1,111.2,25.6,2316.597,25.7
17,66,30.5,2275,1582.3,32.4,2639.941,101.7,26.2,107.8,28.1,2488.699,26.1
17,67,31,2281,1597.8,33.4,2768.235,101.2,27.5,101.7,30.5,2639.941,26.2
17,68,32.4,2291,1622,34.8,2945.552,100.1,29.2,101.2,31,2768.235,27.5
17,69,32.6,2321,1656.9,36.7,3163.548,102.6,29.9,100.1,32.4,2945.552,29.2
17,70,34.2,2249,1624.9,38.8,3411.792,114,33.9,102.6,32.6,3163.548,29.9
17,71,38.9,2247,1641.4,40.5,3717.404,102.8,34.7,114,34.2,3411.792,33.9
17,72,38.8,2259,1665.6,41.8,4125.233,111,37.7,102.8,38.9,3717.404,34.7
17,73,39.3,2269,1687.9,44.4,4790.694,115.2,37.7,111,38.8,4125.233,37.7
17,74,40.2,2275,1706.3,49.3,5095.263,118.6,38,115.2,39.3,4790.694,37.7
17,75,42.7,2287,1730.5,53.8,5498.92,123.4,43.5,118.6,40.2,5095.263,38
17,76,46.6,2309,1760.5,56.9,5587.579,127.7,44.7,123.4,42.7,5498.92,43.5
17,77,48.1,2331,1787.6,60.6,6407.41,127.9,45.9,127.7,46.6,5587.579,44.7
17,78,52.6,2347,1810.8,65.2,7177.175,127.1,49.9,127.9,48.1,6407.41,45.9
17,79,54.8,2369,1832.2,72.6,8258.811,126.4,52.2,127.1,52.6,7177.175,49.9
17,80,58.3,2363,1814.7,82.4,8365.201,127.1,57.3,126.4,54.8,8258.811,52.2
17,81,59.8,2383,1828.3,90.9,9461.438,132,59.9,127.1,58.3,8365.201,57.3
17,82,65.1,2408,1843.8,96.5,10019.47,130.9,64.7,132,59.8,9461.438,59.9
17,83,77,2425,1856.4,99.6,10400.18,127.6,74.8,130.9,65.1,10019.47,64.7
17,84,91,2438,1867,103.9,11277.38,121.7,84.8,127.6,77,10400.18,74.8
17,85,97.5,2449,1873.8,107.6,11843.75,115.7,93.7,121.7,91,11277.38,84.8
17,86,103,2459,1887.3,109.6,12517.55,109.4,101.9,115.7,97.5,11843.75,93.7
17,87,114.5,2476,1898,113.6,12827.34,105.2,108.5,109.4,103,12517.55,101.9
17,88,123.9,2495,1912,118.3,13425,103.2,114.6,105.2,114.5,12827.34,108.5
17,89,136.5,2513,1920,124,14103,96.5,118.9,103.2,123.9,13425,114.6
17,90,145.8,2518.1,1923.9,130.7,15398,94.3,129.1,96.5,136.5,14103,118.9
17,91,145.7,2535.4,1932.1,136.2,15849,91.8,132.5,94.3,145.8,15398,129.1
17,92,174.2,2563.8,1913,140.3,16982,90,153.1,91.8,145.7,15849,132.5
18,64,25,3163,2142.2,31,1792.851,127,25.2,126.3,24.1,1724.582,24.4
18,65,24.5,3173,2157.6,31.5,1935.691,128.7,25.1,127,25,1792.851,25.2
18,66,24.7,3181,2176.8,32.4,2089.034,134,24.7,128.7,24.5,1935.691,25.1
18,67,25,3201,2207.5,33.4,2237.125,139.3,26.3,134,24.7,2089.034,24.7
18,68,26.3,3224,2242.1,34.8,2405.172,142.8,27.1,139.3,25,2237.125,26.3
18,69,27,3232,2256.5,36.7,2587.924,146.3,28.3,142.8,26.3,2405.172,27.1
18,70,28.3,3219,2270,38.8,2812.686,155.8,28.8,146.3,27,2587.924,28.3
18,71,30.1,3280,2330.5,40.5,3006.991,163.5,30.2,155.8,28.3,2812.686,28.8
18,72,30.6,3303,2360.3,41.8,3239.105,179.4,29.9,163.5,30.1,3006.991,30.2
18,73,30.6,3325,2396.8,44.4,3653.971,201.9,30.1,179.4,30.6,3239.105,29.9
18,74,31.5,3356,2440,49.3,4052.033,212.4,31.3,201.9,30.6,3653.971,30.1
18,75,33.3,3392,2484.2,53.8,4380.775,223,33.6,212.4,31.5,4052.033,31.3
18,76,36,3439,2537,56.9,4802.993,230.9,37.9,223,33.3,4380.775,33.6
18,77,36.9,3468,2574.5,60.6,5232.563,229.4,38.4,230.9,36,4802.993,37.9
18,78,41.4,3490,2603.3,65.2,5753.508,224.7,42.8,229.4,36.9,5232.563,38.4
18,79,43.4,3527,2641.7,72.6,6409.942,214.9,45.8,224.7,41.4,5753.508,42.8
18,80,46.3,3661,2737.8,82.4,6775.444,215.3,48.5,214.9,43.4,6409.942,45.8
18,81,49.4,3662,2745.5,90.9,7506.448,209.7,51.8,215.3,46.3,6775.444,48.5
18,82,56.3,3667,2757,96.5,7988.533,210.6,56.4,209.7,49.4,7506.448,51.8
18,83,66.4,3714,2800.2,99.6,8272.112,201.1,68.8,210.6,56.3,7988.533,56.4
18,84,75.4,3723,2812.7,103.9,9062.983,183.2,76,201.1,66.4,8272.112,68.8
18,85,79.3,3728,2829.1,107.6,9282.495,182.4,83.6,183.2,75.4,9062.983,76
18,86,85.4,3726,2841.6,109.6,9722.568,179.8,91.3,182.4,79.3,9282.495,83.6
18,87,90.5,3727,2855,113.6,10328.59,171.2,94.6,179.8,85.4,9722.568,91.3
18,88,94.4,3727,2867,118.3,11089,173.2,102.1,171.2,90.5,10328.59,94.6
18,89,103.8,3727,2874,124,11873,171.6,109.4,173.2,94.4,11089,102.1
18,90,115.6,3735.1,2880.3,130.7,12879,182.5,128.6,171.6,103.8,11873,109.4
18,91,120.5,3763.5,2903.6,136.2,13338,170.8,132.5,182.5,115.6,12879,128.6
18,92,135.8,3806.1,2942.1,140.3,14664,167.6,153.1,170.8,120.5,13338,132.5
19,64,30.1,3493,2253.6,31,1782.57,114,27.3,114,30.1,1675.938,27
19,65,30.3,3560,2305.5,31.5,1910.328,117.5,27.2,114,30.1,1782.57,27.3
19,66,30,3624,2363.2,32.4,2054.181,119.7,30.3,117.5,30.3,1910.328,27.2
19,67,31.5,3663,2404.5,33.4,2236.26,120,30.4,119.7,30,2054.181,30.3
19,68,32.5,3710,2455.5,34.8,2413.31,117.3,30.9,120,31.5,2236.26,30.4
19,69,33.3,3745,2467,36.7,2511.895,115.9,30.9,117.3,32.5,2413.31,30.9
19,70,34.3,3643,2467,38.8,2709.064,115.9,36.2,115.9,33.3,2511.895,30.9
19,71,39.3,3696,2530.5,40.5,2877.06,119.8,37.5,115.9,34.3,2709.064,36.2
19,72,40,3737,2580.5,41.8,3075.235,125.3,37.4,119.8,39.3,2877.06,37.5
19,73,39.9,3753,2616,44.4,3410.222,126.7,37.3,125.3,40,3075.235,37.4
19,74,41.6,3774,2658.3,49.3,3855.865,129.9,41.4,126.7,39.9,3410.222,37.3
19,75,44.3,3829,2722.8,53.8,4252.215,133.6,43,129.9,41.6,3855.865,41.4
19,76,48.1,3883,2781.4,56.9,4694.839,139.6,46.4,133.6,44.3,4252.215,43
19,77,48.9,3935,2839.1,60.6,5161.607,140,48.8,139.6,48.1,4694.839,46.4
19,78,54.2,3978,2889.1,65.2,5786.312,142.7,53.6,140,48.9,5161.607,48.8
19,79,57.1,4018,2933.3,72.6,6416.046,140.1,56.5,142.7,54.2,5786.312,53.6
19,80,60,4204,3079.4,82.4,7284.193,143.8,59.7,140.1,57.1,6416.046,56.5
19,81,62.6,4308,3160.2,90.9,8164.413,144,63,143.8,60,7284.193,59.7
19,82,70.3,4362,3200.6,96.5,8669.407,143.9,69.2,144,62.6,8164.413,63
19,83,80.7,4438,3256.4,99.6,8984.274,133.7,78.6,143.9,70.3,8669.407,69.2
19,84,90.7,4462,3274.6,103.9,9465.126,128.9,89,133.7,80.7,8984.274,78.6
19,85,103,4485,3294.8,107.6,9747.802,125,96.4,128.9,90.7,9465.126,89
19,86,105.1,4499,3313.1,109.6,9902.721,121.2,103.6,125,103,9747.802,96.4
19,87,117.8,4461,3290,113.6,10098.88,116.5,113,121.2,105.1,9902.721,103.6
19,88,120.4,4408,3250,118.3,10793,110.9,119.9,116.5,117.8,10098.88,113
19,89,130.7,4382,3239,124,11348,103.6,125.8,110.9,120.4,10793,119.9
19,90,143.4,4348,3213.9,130.7,12764,101.5,139.9,103.6,130.7,11348,125.8
19,91,149.6,4381,3239.6,136.2,13349,107.2,142.7,101.5,143.4,12764,139.9
19,92,178.1,4417,3274.6,140.3,14163,108.5,160.8,107.2,149.6,13349,142.7
20,64,26.8,984,668.7,31,2042.64,137.4,24.7,138.4,26.7,1878.718,24.2
20,65,27.2,986,671.6,31.5,2212.949,139.1,24.7,137.4,26.8,2042.64,24.7
20,66,29.6,985,673.5,32.4,2356.647,135.1,25.9,139.1,27.2,2212.949,24.7
20,67,30.3,982,674.5,33.4,2447.123,136,26.5,135.1,29.6,2356.647,25.9
20,68,32,978,676.4,34.8,2613.174,135.6,29.9,136,30.3,2447.123,26.5
20,69,33.4,978,680.2,36.7,2827.125,135.2,29.9,135.6,32,2613.174,29.9
20,70,38,993,697.5,38.8,3103.876,128.5,31.4,135.2,33.4,2827.125,29.9
20,71,38.8,1012,716.7,40.5,3280.572,133.2,34.1,128.5,38,3103.876,31.4
20,72,41.5,1028,734,41.8,3507.295,136.5,36.1,133.2,38.8,3280.572,34.1
20,73,41,1037,747.4,44.4,3870.265,138,36.9,136.5,41.5,3507.295,36.1
20,74,41.8,1048,760.8,49.3,4234.3,142.1,37.9,138,41,3870.265,36.9
20,75,46.7,1058,776.2,53.8,4492.957,140.7,40.8,142.1,41.8,4234.3,37.9
20,76,49.9,1072,792.5,56.9,5028.365,144.9,43.9,140.7,46.7,4492.957,40.8
20,77,50.9,1084,808.8,60.6,5440.299,145.6,45,144.9,49.9,5028.365,43.9
20,78,55,1092,819.3,65.2,5882.037,143.9,49.7,145.6,50.9,5440.299,45
20,79,54.5,1097,828.9,72.6,6445.12,138.5,53.2,143.9,55,5882.037,49.7
20,80,59,1125,851,82.4,7097.615,141.2,55.3,138.5,54.5,6445.12,53.2
20,81,62.9,1133,862.5,90.9,7850.167,138.9,58.4,141.2,59,7097.615,55.3
20,82,69.7,1133,864.4,96.5,8341.934,139.5,67,138.9,62.9,7850.167,58.4
20,83,80.8,1146,877.9,99.6,8962.496,135.4,74.7,139.5,69.7,8341.934,67
20,84,93.7,1156,890.3,103.9,9851.294,135.5,90.5,135.4,80.8,8962.496,74.7
20,85,98.1,1165,899.9,107.6,10501.66,127.9,89.2,135.5,93.7,9851.294,90.5
20,86,112.7,1172,908.6,109.6,11146.71,119,100,127.9,98.1,10501.66,89.2
20,87,121.2,1187,922,113.6,12056.79,125,102,119,112.7,11146.71,100
20,88,129,1205,940,118.3,13068,125,113.5,125,121.2,12056.79,102
20,89,144.4,1222,953,124,14110,122.4,125.9,125,129,13068,113.5
20,90,160.1,1230,959.2,130.7,14975,117.5,135.9,122.4,144.4,14110,125.9
20,91,158.9,1237,963.3,136.2,15093,116.1,153.9,117.5,160.1,14975,135.9
20,92,187.7,1237,968.3,140.3,16298,114.7,164.4,116.1,158.9,15093,153.9
21,64,28.5,3442,2299.3,31,2483.397,122.2,23.9,122.7,28.2,2312.307,23.4
21,65,27.9,3534,2365.4,31.5,2629.601,121,24.1,122.2,28.5,2483.397,23.9
21,66,28.2,3608,2425.8,32.4,2780.99,121,24.1,121,27.9,2629.601,24.1
21,67,29.4,3680,2485.2,33.4,2967.634,121.7,26.3,121,28.2,2780.99,24.1
21,68,30.9,3716,2523.6,34.8,3140.797,121.7,26.7,121.7,29.4,2967.634,26.3
21,69,30.7,3765,2563.8,36.7,3384.471,122.3,27.2,121.7,30.9,3140.797,26.7
21,70,32.6,3922,2723.9,38.8,3702.802,123.5,28.5,122.3,30.7,3384.471,27.2
21,71,34.2,4011,2816.9,40.5,3968.25,126.7,30.2,123.5,32.6,3702.802,28.5
21,72,34.3,4062,2884,41.8,4212.961,133.2,29.9,126.7,34.2,3968.25,30.2
21,73,35.3,4082,2933.8,44.4,4684.755,137.3,30.1,133.2,34.3,4212.961,29.9
21,74,35.8,4099,2980.8,49.3,5073.596,144.8,31.3,137.3,35.3,4684.755,30.1
21,75,39.5,4115,3028.7,53.8,5543.315,146.1,33.6,144.8,35.8,5073.596,31.3
21,76,46.1,4123,3071.8,56.9,6029.625,137.1,37.9,146.1,39.5,5543.315,33.6
21,77,49.2,4138,3114.9,60.6,6435.057,135.7,38.4,137.1,46.1,6029.625,37.9
21,78,52.1,4148,3153.3,65.2,7184.742,134.1,42.8,135.7,49.2,6435.057,38.4
21,79,56.2,4148,3181.1,72.6,7917.837,131.9,45.8,134.1,52.1,7184.742,42.8
21,80,58.1,4216,3230.9,82.4,8888.384,131.5,48.5,131.9,56.2,7917.837,45.8
21,81,62.8,4263,3287.5,90.9,9726.206,137.1,51.8,131.5,58.1,8888.384,48.5
21,82,65.4,4265,3302.8,96.5,10426.12,131.3,56.4,137.1,62.8,9726.206,51.8
21,83,74.9,4304,3346.9,99.6,11464.07,128.2,68.8,131.3,65.4,10426.12,56.4
21,84,84.2,4349,3391.9,103.9,12555.93,122.5,76,128.2,74.9,11464.07,68.8
21,85,90.1,4391,3434.1,107.6,13494.33,121.9,83.6,122.5,84.2,12555.93,76
21,86,93.3,4461,3496.4,109.6,14247.13,121.8,91.3,121.9,90.1,13494.33,83.6
21,87,100.3,4535,3552,113.6,15111.91,119.3,94.6,121.8,93.3,14247.13,91.3
21,88,109.2,4622,3612,118.3,16491,115,102.1,119.3,100.3,15111.91,94.6
21,89,120.2,4694,3658,124,17489,109,109.4,115,109.2,16491,102.1
21,90,131.5,4747.6,3699.8,130.7,18172,102.8,128.6,109,120.2,17489,109.4
21,91,141.6,4826.1,3737.4,136.2,18477,97.6,136.5,102.8,131.5,18172,128.6
21,92,159.1,4871.8,3760.2,140.3,19746,91.7,157.9,97.6,141.6,18477,136.5
22,64,28.4,5287,3686.8,31,2653.927,138.7,24.7,142.2,28,2498.002,24.2
22,65,28.4,5361,3740.8,31.5,2802.376,136.5,24.7,138.7,28.4,2653.927,24.7
22,66,31,5403,3779.3,32.4,2983.933,131.6,25.9,136.5,28.4,2802.376,24.7
22,67,33.6,5434,3812.1,33.4,3187.917,130.2,26.5,131.6,31,2983.933,25.9
22,68,35.1,5438,3839.1,34.8,3401.512,128,29.9,130.2,33.6,3187.917,26.5
22,69,35,5467,3914.3,36.7,3626.856,129.7,29.9,128,35.1,3401.512,29.9
22,70,39.6,5689,4076.2,38.8,3931.23,124.3,31.4,129.7,35,3626.856,29.9
22,71,41,5741,4151.4,40.5,4199.292,121.4,34.1,124.3,39.6,3931.23,31.4
22,72,46,5767,4211.1,41.8,4442.792,117.9,36.1,121.4,41,4199.292,34.1
22,73,46,5793,4274.8,44.4,4861.439,121.2,36.9,117.9,46,4442.792,36.1
22,74,46.3,5789,4313.3,49.3,5272.611,124.3,37.9,121.2,46,4861.439,36.9
22,75,49.4,5778,4350.9,53.8,5721.162,126.1,40.8,124.3,46.3,5272.611,37.9
22,76,57.4,5769,4389.5,56.9,6115.246,116.9,43.9,126.1,49.4,5721.162,40.8
22,77,57.3,5768,4432.8,60.6,6611.856,118.9,45,116.9,57.4,6115.246,43.9
22,78,61.8,5771,4477.2,65.2,7274.003,120.5,49.7,118.9,57.3,6611.856,45
22,79,64.5,5769,4513.8,72.6,8027.996,118.2,53.2,120.5,61.8,7274.003,49.7
22,80,68.2,5737,4493.6,82.4,8940.05,120.5,55.3,118.2,64.5,8027.996,53.2
22,81,70.8,5773,4552.3,90.9,9837.152,123.2,58.4,120.5,68.2,8940.05,55.3
22,82,78.1,5781,4577.4,96.5,10820.76,122.3,66.8,123.2,70.8,9837.152,58.4
22,83,88.7,5767,4585.1,99.6,11715.73,119.8,74.7,122.3,78.1,10820.76,66.8
22,84,101.4,5798,4627.5,103.9,13018.66,116,90.5,119.8,88.7,11715.73,74.7
22,85,108.3,5823,4663.2,107.6,13860.23,117.2,89.2,116,101.4,13018.66,90.5
22,86,115,5834,4679.6,109.6,14869.47,115.8,100,117.2,108.3,13860.23,89.2
22,87,120.4,5855,4695,113.6,16086.96,113.8,102,115.8,115,14869.47,100
22,88,131.6,5889,4722,118.3,17690,111.7,113.5,113.8,120.4,16086.96,102
22,89,148.6,5913,4726,124,18636,104.4,125.9,111.7,131.6,17690,113.5
22,90,152.4,5913,4726,130.7,19051,99.4,135.9,104.4,148.6,18636,125.9
22,91,163.3,5893.3,4678.8,136.2,19385,93.5,150.1,99.4,152.4,19051,135.9
22,92,175.9,5895.3,4668,140.3,20822,90.5,164.4,93.5,163.3,19385,150.1
23,64,29.3,8161,5362.8,31,2462.531,125,26,126.7,28.8,2251.001,24.4
23,65,28.7,8317,5494.4,31.5,2675.059,131.8,26,125,29.3,2462.531,26
23,66,29.2,8496,5646.1,32.4,2845.68,134.5,26.3,131.8,28.7,2675.059,26
23,67,30,8608,5758.7,33.4,2906.545,134.4,27,134.5,29.2,2845.68,26.3
23,68,32,8673,5849.3,34.8,3126.057,134.2,29.8,134.4,30,2906.545,27
23,69,31.9,8766,5892.2,36.7,3303.663,133.4,29.7,134.2,32,3126.057,29.8
23,70,33.7,8875,6064.9,38.8,3415.415,128.6,30.6,133.4,31.9,3303.663,29.7
23,71,39.2,8965,6198.4,40.5,3710.759,126.1,32.2,128.6,33.7,3415.415,30.6
23,72,40,9015,6301.4,41.8,4008.098,131.4,32.5,126.1,39.2,3710.759,32.2
23,73,40.2,9060,6398.7,44.4,4496.015,133.7,32.9,131.4,40,4008.098,32.5
23,74,41.1,9096,6488.4,49.3,4812.312,138.8,34.5,133.7,40.2,4496.015,32.9
23,75,44.4,9092,6553.3,53.8,5141.581,136.8,36.7,138.8,41.1,4812.312,34.5
23,76,47.9,9100,6621.9,56.9,5686.371,138,38.7,136.8,44.4,5141.581,36.7
23,77,48.3,9138,6704.9,60.6,6325.95,140.3,40.6,138,47.9,5686.371,38.7
23,78,54,9181,6787.9,65.2,7044.355,141.8,50,140.3,48.3,6325.95,40.6
23,79,57.2,9207,6849,72.6,7732.826,140.9,52.5,141.8,54,7044.355,50
23,80,60.3,9262,6880.4,82.4,8329.501,140.7,53.7,140.9,57.2,7732.826,52.5
23,81,61.8,9204,6871.9,90.9,9004.003,139.5,58.3,140.7,60.3,8329.501,53.7
23,82,68,9109,6828,96.5,9337.263,137.3,65.1,139.5,61.8,9004.003,58.3
23,83,87.7,9069,6828,99.6,10002.78,128.3,75.7,137.3,68,9337.263,65.1
23,84,97,9075,6864.2,103.9,11039.48,128.2,85.2,128.3,87.7,10002.78,75.7
23,85,101.4,9085,6913.8,107.6,11760.88,126.6,88.8,128.2,97,11039.48,85.2
23,86,106,9139,6992,109.6,12501.24,126.5,93.6,126.6,101.4,11760.88,88.8
23,87,111.4,9200,7055,113.6,13064.98,122.1,100.1,126.5,106,12501.24,93.6
23,88,122.2,9240,7090,118.3,13957,121.1,108.4,122.1,111.4,13064.98,100.1
23,89,133,9273,7108,124,14757,116.6,119,121.1,122.2,13957,108.4
23,90,143.9,9315.1,7140.3,130.7,15560,114.4,130.8,116.6,133,14757,119
23,91,144.9,9388.2,7183.5,136.2,15938,110.3,135.8,114.4,143.9,15560,130.8
23,92,176.7,9457.4,7226.7,140.3,17154,107.6,153.5,110.3,144.9,15938,135.8
24,64,30.1,3529,2333.4,31,2157.088,104.7,27.9,112.6,28.7,2067.251,26.4
24,65,30.2,3562,2367.9,31.5,2360.719,109.2,28.1,104.7,30.1,2157.088,27.9
24,66,30.3,3585,2398.6,32.4,2527.416,110.7,30.2,109.2,30.2,2360.719,28.1
24,67,30.9,3625,2444.7,33.4,2669.159,114.4,30.5,110.7,30.3,2527.416,30.2
24,68,32.7,3663,2493.6,34.8,2876.783,113.7,32.3,114.4,30.9,2669.159,30.5
24,69,32.8,3700,2516.7,36.7,3071.43,112.3,32.3,113.7,32.7,2876.783,32.3
24,70,39.1,3805,2624.1,38.8,3331.957,104.3,37.3,112.3,32.8,3071.43,32.3
24,71,40.1,3853,2690.3,40.5,3524.608,116.4,38.5,104.3,39.1,3331.957,37.3
24,72,45.2,3870,2734.5,41.8,3757.186,96.8,38.9,116.4,40.1,3524.608,38.5
24,73,45.6,3891,2783.4,44.4,4514.812,106.8,39.4,96.8,45.2,3757.186,38.9
24,74,47,3907,2829.4,49.3,4644.577,110.6,39.9,106.8,45.6,4514.812,39.4
24,75,49.4,3937,2885.1,53.8,4963,111.5,42.6,110.6,47,4644.577,39.9
24,76,52.1,3970,2941.7,56.9,5312.366,116.7,45,111.5,49.4,4963,42.6
24,77,53.1,3996,2989.7,60.6,6025.073,117.2,46.4,116.7,52.1,5312.366,45
24,78,57.9,4024,3033.8,65.2,6668.905,118.9,53.2,117.2,53.1,6025.073,46.4
24,79,60.9,4060,3078.9,72.6,7378.618,118.3,54.1,118.9,57.9,6668.905,53.2
24,80,63,4077,3079.9,82.4,8054.393,117.7,58.8,118.3,60.9,7378.618,54.1
24,81,65.8,4094,3101.9,90.9,8895.867,120.8,61.4,117.7,63,8054.393,58.8
24,82,71.7,4133,3130.7,96.5,9376.994,119.4,67.8,120.8,65.8,8895.867,61.4
24,83,87.3,4144,3143.2,99.6,9884.074,113.2,77.9,119.4,71.7,9376.994,67.8
24,84,99.2,4162,3166.2,103.9,11105.86,110.8,89.8,113.2,87.3,9884.074,77.9
24,85,101.5,4190,3196.9,107.6,11676.82,113,92.3,110.8,99.2,11105.86,89.8
24,86,116.3,4213,3224.7,109.6,12407.5,104.3,104.2,113,101.5,11676.82,92.3
24,87,120.1,4246,3266,113.6,12961.49,108.8,110.3,104.3,116.3,12407.5,104.2
24,88,141.7,4307,3312,118.3,13785,94.1,123.3,108.8,120.1,12961.49,110.3
24,89,152.5,4353,3339,124,14771,92.3,130.1,94.1,141.7,13785,123.3
24,90,162.3,4390.1,3367.5,130.7,15553,90.7,138.9,92.3,152.5,14771,130.1
24,91,173.9,4447.3,3406,136.2,15869,86.2,150.3,90.7,162.3,15553,138.9
24,92,197.7,4495.5,3440.5,140.3,17255,83.8,160,86.2,173.9,15869,150.3
25,64,30.4,2304,1472.4,31,1383.37,86.1,27.3,83.9,30.5,1322.573,26.1
25,65,31.4,2309,1483.8,31.5,1496.989,83.5,27.2,86.1,30.4,1383.37,27.3
25,66,31.8,2339,1516.1,32.4,1616.589,86.9,29.5,83.5,31.4,1496.989,27.2
25,67,31.6,2344,1530.4,33.4,1760.108,88.1,29.6,86.9,31.8,1616.589,29.5
25,68,33.9,2349,1547.5,34.8,1919.575,89,30.9,88.1,31.6,1760.108,29.6
25,69,34.8,2360,1541.8,36.7,2069.074,91,30.9,89,33.9,1919.575,30.9
25,70,36.2,2216,1490.4,38.8,2243.49,93.4,34.3,91,34.8,2069.074,30.9
25,71,37.5,2253,1529.4,40.5,2441.826,105.4,38.8,93.4,36.2,2243.49,34.3
25,72,37.4,2286,1563.7,41.8,2681.026,112.1,40,105.4,37.5,2441.826,38.8
25,73,37.3,2319,1598.9,44.4,3042.815,115,39.9,112.1,37.4,2681.026,40
25,74,41.4,2338,1623.6,49.3,3302.944,117.1,41.6,115,37.3,3042.815,39.9
25,75,43,2350,1642.6,53.8,3530.184,116.8,44.3,117.1,41.4,3302.944,41.6
25,76,46.4,2371,1668.3,56.9,3878.019,120.9,48.1,116.8,43,3530.184,44.3
25,77,48.8,2390,1691.1,60.6,4343.461,122.1,48.9,120.9,46.4,3878.019,48.1
25,78,53.6,2409,1712,65.2,4773.023,124.9,54.2,122.1,48.8,4343.461,48.9
25,79,56.5,2429,1732,72.6,5257.402,123.9,56.8,124.9,53.6,4773.023,54.2
25,80,59.7,2521,1791,82.4,5676.001,127,60,123.9,56.5,5257.402,56.8
25,81,63,2531,1824.3,90.9,6301.906,125.3,62.6,127,59.7,5676.001,60
25,82,69.2,2551,1841.4,96.5,6824.158,125.8,68.3,125.3,63,6301.906,62.6
25,83,78.6,2587,1872.8,99.6,7118.173,122.3,79.1,125.8,69.2,6824.158,68.3
25,84,89,2598,1887.1,103.9,7659.362,116.4,88.3,122.3,78.6,7118.173,79.1
25,85,96.4,2613,1900.4,107.6,7968.328,115.3,92.5,116.4,89,7659.362,88.3
25,86,106,2624,1917.5,109.6,8390.913,113.2,98.8,115.3,96.4,7968.328,92.5
25,87,115.8,2625,1927,113.6,8827.452,110,103.5,113.2,106,8390.913,98.8
25,88,122.6,2620,1931,118.3,9560,109,112.1,110,115.8,8827.452,103.5
25,89,125.8,2621,1939,124,10102,108.3,121.5,109,122.6,9560,112.1
25,90,139.9,2620,1938.2,130.7,11054,101.8,135,108.3,125.8,10102,121.5
25,91,142.7,2639.3,1952.4,136.2,11528,105.6,137.4,101.8,139.9,11054,135
25,92,160.8,2661.7,1978.8,140.3,13006,103.9,163.9,105.6,142.7,11528,137.4
26,64,25.7,4471,3103.8,31,2313.115,130,25,133.2,25.8,2180.055,24.1
26,65,26.1,4492,3125.9,31.5,2486.625,130.2,24.5,130,25.7,2313.115,25
26,66,26.2,4567,3191.5,32.4,2623.943,139.3,24.7,130.2,26.1,2486.625,24.5
26,67,27.5,4587,3218.5,33.4,2772.97,138.3,25,139.3,26.2,2623.943,24.7
26,68,29.2,4610,3258,34.8,3018.865,137.3,26.3,138.3,27.5,2772.97,25
26,69,29.9,4651,3325.5,36.7,3128.506,137.2,27,137.3,29.2,3018.865,26.3
26,70,36,4677,3352.5,38.8,3389.304,121.3,28.3,137.2,29.9,3128.506,27
26,71,36.8,4717,3413.2,40.5,3624.554,127.6,30.1,121.3,36,3389.304,28.3
26,72,37.7,4745,3458.5,41.8,3848.094,130,30.6,127.6,36.8,3624.554,30.1
26,73,37.7,4763,3501.9,44.4,4351.593,132.1,30.6,130,37.7,3848.094,30.6
26,74,38,4771,3542.3,49.3,4610.262,135.4,31.5,132.1,37.7,4351.593,30.6
26,75,43.5,4779,3578,53.8,5041.376,135.6,33.3,135.4,38,4610.262,31.5
26,76,44.7,4804,3628.1,56.9,5443.75,139.5,36,135.6,43.5,5041.376,33.3
26,77,45.9,4823,3667.6,60.6,6035.601,140.8,36.9,139.5,44.7,5443.75,36
26,78,49.9,4847,3707.2,65.2,6645.547,141.8,41.4,140.8,45.9,6035.601,36.9
26,79,52.2,4867,3739.9,72.6,7398.135,140.2,43.4,141.8,49.9,6645.547,41.4
26,80,57.3,4917,3764,82.4,7856.926,142.1,46.3,140.2,52.2,7398.135,43.4
26,81,59.9,4941,3788.1,90.9,8681.897,140.5,49.4,142.1,57.3,7856.926,46.3
26,82,64.7,4951,3797.8,96.5,9133.237,139.7,56.3,140.5,59.9,8681.897,49.4
26,83,74.8,4970,3817.1,99.6,9800.666,134.1,66.4,139.7,64.7,9133.237,56.3
26,84,84.8,5008,3850.8,103.9,10675.67,130,75.4,134.1,74.8,9800.666,66.4
26,85,93.7,5034,3881.6,107.6,11363.32,129.2,79.3,130,84.8,10675.67,75.4
26,86,101.9,5064,3914.4,109.6,11942.4,128.8,85.4,129.2,93.7,11363.32,79.3
26,87,108.5,5103,3952,113.6,12519.35,128.7,90.5,128.8,101.9,11942.4,85.4
26,88,114.6,5141,3984,118.3,13240,127.4,94.4,128.7,108.5,12519.35,90.5
26,89,118.9,5159,3998,124,14008,122.8,103.8,127.4,114.6,13240,94.4
26,90,129.1,5180.3,4014.5,130.7,14956,119.1,115.6,122.8,118.9,14008,103.8
26,91,132.5,5221.8,4031.8,136.2,15331,119.9,120.5,119.1,129.1,14956,115.6
26,92,153.1,5257.2,4062.4,140.3,16742,122.3,135.8,119.9,132.5,15331,120.5
27,64,30.8,703,465.5,31,2136.721,112.8,26.2,118.9,30.5,2079.783,26.2
27,65,31,703,467.4,31.5,2292.006,118,26.1,112.8,30.8,2136.721,26.2
27,66,30.9,703,471.2,32.4,2446.256,114.9,26.5,118,31,2292.006,26.1
27,67,31.3,699,472.2,33.4,2514.581,118,27.4,114.9,30.9,2446.256,26.5
27,68,32.4,696,475.1,34.8,2639.844,116.1,32,118,31.3,2514.581,27.4
27,69,32.6,694,471.2,36.7,2789.953,117.4,31.9,116.1,32.4,2639.844,32
27,70,34,694,482.8,38.8,3091.206,111.2,33.8,117.4,32.6,2789.953,31.9
27,71,34.7,710,501.1,40.5,3224.751,115.6,33.6,111.2,34,3091.206,33.8
27,72,40.1,718,511.7,41.8,3686.465,122.2,33.7,115.6,34.7,3224.751,33.6
27,73,40.9,726,523.3,44.4,4281.724,119.9,34.4,122.2,40.1,3686.465,33.7
27,74,41.8,735,534.8,49.3,4548.814,121.9,35.8,119.9,40.9,4281.724,34.4
27,75,43.7,747,548.3,53.8,4888.371,123.7,38.6,121.9,41.8,4548.814,35.8
27,76,45.3,756,559.9,56.9,5151.32,124.9,42.5,123.7,43.7,4888.371,38.6
27,77,47.6,768,572.4,60.6,5470.171,127,43.4,124.9,45.3,5151.32,42.5
27,78,51.9,780,584.9,65.2,6344.943,127.2,49.8,127,47.6,5470.171,43.4
27,79,53.7,786,591.7,72.6,6767.318,120.3,51.7,127.2,51.9,6344.943,49.8
27,80,56.7,787,590.7,82.4,7466.101,122,55.3,120.3,53.7,6767.318,51.7
27,81,60.4,793,593.6,90.9,8322.238,121.1,55.9,122,56.7,7466.101,55.3
27,82,65.7,801,599.4,96.5,8779.812,122.4,64.3,121.1,60.4,8322.238,55.9
27,83,77.2,817,611,99.6,8956.837,113.7,71,122.4,65.7,8779.812,64.3
27,84,91.3,824,616.7,103.9,9446.502,110.1,81.7,113.7,77.2,8956.837,71
27,85,95.5,825,618.7,107.6,9765.354,103.6,87.4,110.1,91.3,9446.502,81.7
27,86,102,817,614.8,109.6,10476.56,97.8,97.8,103.6,95.5,9765.354,87.4
27,87,106.2,809,610,113.6,10846.14,91.7,102.7,97.8,102,10476.56,97.8
27,88,115.3,805,608,118.3,11371,87.1,112.9,91.7,106.2,10846.14,102.7
27,89,123,806,610,124,12390,86.2,118.6,87.1,115.3,11371,112.9
27,90,140.4,805,609.2,130.7,13318,84.7,129.5,86.2,123,12390,118.6
27,91,143.6,814.1,618.4,136.2,14079,82.9,127,84.7,140.4,13318,129.5
27,92,163.5,830.2,632.6,140.3,15490,86.6,155.1,82.9,143.6,14079,127
28,64,27.5,1471,1005.8,31,2135.925,106.3,25.6,118.5,25.8,2055.095,25.8
28,65,27.6,1459,1001,31.5,2395.591,110.5,26.1,106.3,27.5,2135.925,25.6
28,66,29.6,1442,993.2,32.4,2588.572,106.1,26.2,110.5,27.6,2395.591,26.1
28,67,31.4,1443,1000,33.4,2670.412,110,27.4,106.1,29.6,2588.572,26.2
28,68,33.2,1453,1016.5,34.8,2801.76,109.5,29.2,110,31.4,2670.412,27.4
28,69,32.9,1449,1018.4,36.7,3106.892,108.4,29.9,109.5,33.2,2801.76,29.2
28,70,33.9,1483,1059.1,38.8,3295.832,108.1,34.1,108.4,32.9,3106.892,29.9
28,71,34.7,1505,1084.3,40.5,3540.342,108.6,34.4,108.1,33.9,3295.832,34.1
28,72,41.1,1520,1104.7,41.8,3919.231,104.9,34.4,108.6,34.7,3540.342,34.4
28,73,41.2,1531,1123.1,44.4,4689.134,106.6,34.4,104.9,41.1,3919.231,34.4
28,74,42,1541,1141.5,49.3,4679.03,110.5,35.8,106.6,41.2,4689.134,34.4
28,75,44.6,1546,1155,53.8,5349.917,114.1,38.6,110.5,42,4679.03,35.8
28,76,46.8,1555,1171.5,56.9,5448.933,118.1,42.6,114.1,44.6,5349.917,38.6
28,77,48.1,1561,1184.1,60.6,5813.677,117.7,43.4,118.1,46.8,5448.933,42.6
28,78,53.6,1569,1197.7,65.2,6579.539,117.4,49.8,117.7,48.1,5813.677,43.4
28,79,55.4,1574,1205.4,72.6,7449.469,116.1,51.7,117.4,53.6,6579.539,49.8
28,80,59.5,1570,1194.8,82.4,7640.429,116.3,55.3,116.1,55.4,7449.469,51.7
28,81,60.9,1577,1199.6,90.9,8947.85,117,55.9,116.3,59.5,7640.429,55.3
28,82,69.7,1586,1205.4,96.5,9097.385,117.1,64.3,117,60.9,8947.85,55.9
28,83,83.7,1597,1212.2,99.6,9525.782,110.8,71,117.1,69.7,9097.385,64.3
28,84,94.8,1606,1220.9,103.9,10599.81,107.7,81.7,110.8,83.7,9525.782,71
28,85,95.8,1604,1221.9,107.6,11166.63,105.1,87.4,107.7,94.8,10599.81,81.7
28,86,104,1598,1220,109.6,11542.48,103.1,97.8,105.1,95.8,11166.63,87.4
28,87,113.7,1594,1219,113.6,11983,101.3,102.7,103.1,104,11542.48,97.8
28,88,123.3,1602,1227,118.3,12567,92.9,112.9,101.3,113.7,11983,102.7
28,89,139.3,1611,1232,124,13268,93.8,118.6,92.9,123.3,12567,112.9
28,90,143.4,1614.1,1234.3,130.7,15153,89.9,129.1,93.8,139.3,13268,118.6
28,91,152.2,1629.4,1244.7,136.2,15466,92.4,127,89.9,143.4,15153,129.1
28,92,169.5,1642.7,1255.1,140.3,16992,90.6,153.1,92.4,152.2,15466,127
29,64,29.5,418,280.6,31,2919.303,206.3,24,212.7,29.9,2836.837,23.9
29,65,29.7,434,289.3,31.5,3016.063,192.7,24.2,206.3,29.5,2919.303,24
29,66,29.9,435,287.3,32.4,3160.104,184,25.5,192.7,29.7,3016.063,24.2
29,67,30.2,436,287.3,33.4,3332.733,175.8,26,184,29.9,3160.104,25.5
29,68,32.8,449,296,34.8,3639.508,189.7,31.3,175.8,30.2,3332.733,26
29,69,33.3,457,302.8,36.7,3897.902,198.6,31.9,189.7,32.8,3639.508,31.3
29,70,38.9,488,341.3,38.8,4377.305,189.5,33.8,198.6,33.3,3897.902,31.9
29,71,44,514,361.6,40.5,4597.215,190.5,33.6,189.5,38.9,4377.305,33.8
29,72,40.6,535,380.9,41.8,4786.337,198.6,33.7,190.5,44,4597.215,33.6
29,73,40.3,551,395.3,44.4,5256.944,201.5,36.3,198.6,40.6,4786.337,33.7
29,74,41.9,573,414.6,49.3,5525.234,204.7,37.8,201.5,40.3,5256.944,36.3
29,75,44.5,590,431,53.8,6103.597,205.2,40.3,204.7,41.9,5525.234,37.8
29,76,44.9,610,450.3,56.9,6572.005,201.4,42.5,205.2,44.5,6103.597,40.3
29,77,49.3,634,472.5,60.6,7269.12,190.8,44.7,201.4,44.9,6572.005,42.5
29,78,54.3,666,500.4,65.2,8207.035,187,49.5,190.8,49.3,7269.12,44.7
29,79,57.1,702,530.3,72.6,9016.303,183.3,53.7,187,54.3,8207.035,49.5
29,80,63.1,799,616.2,82.4,9886.047,177.7,56.4,183.3,57.1,9016.303,53.7
29,81,63.3,845,651.8,90.9,10682.12,171.9,59.2,177.7,63.1,9886.047,56.4
29,82,71.6,881,680.8,96.5,10913.03,165.1,67.6,171.9,63.3,10682.12,59.2
29,83,81.9,891,689.4,99.6,11571.66,159.2,76.5,165.1,71.6,10913.03,67.6
29,84,99.8,911,706.8,103.9,12056.56,136.6,88.5,159.2,81.9,11571.66,76.5
29,85,109.3,940,729,107.6,12701.99,146.7,97.6,136.6,99.8,12056.56,88.5
29,86,106.6,967,751.1,109.6,13280.35,142.6,99.9,146.7,109.3,12701.99,97.6
29,87,114,1007,782,113.6,13991.76,147.7,103.9,142.6,106.6,13280.35,99.9
29,88,129.6,1054,816,118.3,15121,141.9,113.5,147.7,114,13991.76,103.9
29,89,145.6,1111,860,124,16295,137.9,125.6,141.9,129.6,15121,113.5
29,90,173.7,1174.5,909.2,130.7,16142,137.3,130.2,137.9,145.6,16295,125.6
29,91,186.3,1254.6,965.6,136.2,16382,115.5,144.4,137.3,173.7,16142,130.2
29,92,193.8,1296.7,993.9,140.3,17711,110,165.7,115.5,186.3,16382,144.4
30,64,24.7,659,454.9,31,2487.419,223.9,26.8,221.4,24.2,2320.244,26.7
30,65,24.7,673,465.5,31.5,2632.154,233.8,27.2,223.9,24.7,2487.419,26.8
30,66,25.9,676,468.4,32.4,2845.329,287.6,29.6,233.8,24.7,2632.154,27.2
30,67,26.5,691,480,33.4,3025.967,297.9,30.3,287.6,25.9,2845.329,29.6
30,68,29.9,703,489.6,34.8,3259.338,264,32,297.9,26.5,3025.967,30.3
30,69,29.9,717,505,36.7,3493.83,248.5,33.4,264,29.9,3259.338,32
30,70,31.4,737,517.6,38.8,3659.883,265.7,37.7,248.5,29.9,3493.83,33.4
30,71,34.1,759,537.8,40.5,3880.912,278,38.8,265.7,31.4,3659.883,37.7
30,72,36.1,775,554.2,41.8,4114.283,296.2,40,278,34.1,3880.912,38.8
30,73,36.9,793,571.5,44.4,4600.098,279,39.8,296.2,36.1,4114.283,40
30,74,37.9,805,586.9,49.3,4961.374,269.8,41.3,279,36.9,4600.098,39.8
30,75,40.8,815,599.5,53.8,5317.04,269.1,41.8,269.8,37.9,4961.374,41.3
30,76,43.9,829,615.9,56.9,5830.904,290.5,47.1,269.1,40.8,5317.04,41.8
30,77,45,850,638,60.6,6362.721,278.8,47,290.5,43.9,5830.904,47.1
30,78,49.7,869,658.3,65.2,7041.516,269.6,52.5,278.8,45,6362.721,47
30,79,53.2,887,676.6,72.6,7863.923,254.6,54.5,269.6,49.7,7041.516,52.5
30,80,55.3,921,702.6,82.4,8721.112,247.8,58.9,254.6,53.2,7863.923,54.5
30,81,58.4,936,719,90.9,9604.106,245.4,61,247.8,55.3,8721.112,58.9
30,82,67,951,733.4,96.5,10404.08,239.8,66.8,245.4,58.4,9604.106,61
30,83,74.7,959,742.1,99.6,11282.58,232.9,77,239.8,67,10404.08,66.8
30,84,90.5,977,760.4,103.9,12609.88,215.1,90.6,232.9,74.7,11282.58,77
30,85,89.2,998,778.7,107.6,13589.36,201.1,95.5,215.1,90.5,12609.88,90.6
30,86,100,1027,802.8,109.6,14550.89,195.9,104.9,201.1,89.2,13589.36,95.5
30,87,102,1057,825,113.6,15902.88,195.1,113.8,195.9,100,14550.89,104.9
30,88,113.5,1085,843,118.3,17201,180.4,123.7,195.1,102,15902.88,113.8
30,89,125.9,1107,858,124,17829,172.9,129.7,180.4,113.5,17201,123.7
30,90,135.9,1111,861.1,130.7,18475,152.4,143.7,172.9,125.9,17829,129.7
30,91,153.9,1107,855.1,136.2,18710,144.8,150.1,152.4,135.9,18475,143.7
30,92,164.4,1113,965.5,140.3,20889,143.7,168,144.8,153.9,18710,150.1
31,64,30,6680,4702.4,31,3057.566,135.6,26.9,141.4,28.8,2856.512,26.2
31,65,30,6781,4773.3,31.5,3219.069,138,26.5,135.6,30,3057.566,26.9
31,66,30.1,6911,4877.1,32.4,3436.603,144.9,29.8,138,30,3219.069,26.5
31,67,34.2,6981,4945,33.4,3633.263,131.1,30.1,144.9,30.1,3436.603,29.8
31,68,34.5,7070,5037.2,34.8,3909.026,130.2,32,131.1,34.2,3633.263,30.1
31,69,38.6,7148,5163.3,36.7,4139.745,121.2,32.2,130.2,34.5,3909.026,32
31,70,41,7168,5153.6,38.8,4505.598,120.7,38.4,121.2,38.6,4139.745,32.2
31,71,41.7,7273,5275.8,40.5,4830.801,125.1,41.3,120.7,41,4505.598,38.4
31,72,42.1,7322,5359.2,41.8,5094.479,128.4,42.7,125.1,41.7,4830.801,41.3
31,73,48.9,7316,5402.9,44.4,5593.27,120.2,44,128.4,42.1,5094.479,42.7
31,74,50.2,7312,5450.4,49.3,6039.325,121.4,44.2,120.2,48.9,5593.27,44
31,75,52.8,7313,5503.8,53.8,6568.878,122.3,45.9,121.4,50.2,6039.325,44.2
31,76,53.6,7312,5554.3,56.9,7036.907,122.4,50.1,122.3,52.8,6568.878,45.9
31,77,56.9,7306,5596.9,60.6,7551.079,122.8,51.7,122.4,53.6,7036.907,50.1
31,78,61.9,7316,5649.3,65.2,8326.731,123.9,57.4,122.8,56.9,7551.079,51.7
31,79,63.5,7332,5702.7,72.6,9119.963,123.8,60,123.9,61.9,8326.731,57.4
31,80,66.4,7364,6708.8,82.4,10118.64,124.3,61.3,123.8,63.5,9119.963,60
31,81,68.7,7404,5804.6,90.9,11177.75,127.9,64.8,124.3,66.4,10118.64,61.3
31,82,76.2,7438,5852.1,96.5,12130.29,126.3,69.8,127.9,68.7,11177.75,64.8
31,83,92.1,7468,5898.7,99.6,13182.8,121.3,81.7,126.3,76.2,12130.29,69.8
31,84,101.1,7515,5957.8,103.9,14383.63,117.8,91.1,121.3,92.1,13182.8,81.7
31,85,104.7,7568,6014.1,107.6,15321.89,116.9,98.7,117.8,101.1,14383.63,91.1
31,86,114.5,7625,6075.2,109.6,16133.8,115.5,104.9,116.9,104.7,15321.89,98.7
31,87,119.6,7672,6083,113.6,17317.05,111.6,110,115.5,114.5,16133.8,104.9
31,88,131.8,7721,6119,118.3,18998,107.8,112.3,111.6,119.6,17317.05,110
31,89,139.5,7736,6112,124,20218,103,122.8,107.8,131.8,18998,112.3
31,90,149.3,7740,6115.2,130.7,21328,98.6,133.7,103,139.5,20218,122.8
31,91,180.4,7770,6100.2,136.2,21884,86.7,143.2,98.6,149.3,21328,133.7
31,92,191.1,7799.1,6104.2,140.3,23074,86.6,174.7,86.7,180.4,21884,143.2
32,64,30.2,1008,621.9,31,1931.034,89.9,24,92.5,30.1,1834.692,23.9
32,65,30.2,1014,629.6,31.5,2031.565,96.3,24.2,89.9,30.2,1931.034,24
32,66,30.4,1009,628.6,32.4,2156.182,96.5,29.6,96.3,30.2,2031.565,24.2
32,67,31.5,1002,629.6,33.4,2254.618,95.5,29.2,96.5,30.4,2156.182,29.6
32,68,33.7,994,632.5,34.8,2433.689,99.9,31.2,95.5,31.5,2254.618,29.2
32,69,37.9,994,619,36.7,2563.542,87,33.3,99.9,33.7,2433.689,31.2
32,70,39.7,1016,675.9,38.8,2785.548,90,34.6,87,37.9,2563.542,33.3
32,71,41.7,1050,708.7,40.5,3026.404,92.6,36.6,90,39.7,2785.548,34.6
32,72,41.1,1073,732.8,41.8,3286.109,99.3,37.2,92.6,41.7,3026.404,36.6
32,73,41.8,1097,758.8,44.4,3605.504,98.9,36.5,99.3,41.1,3286.109,37.2
32,74,43.7,1120,782.9,49.3,3928.042,100.3,37.8,98.9,41.8,3605.504,36.5
32,75,46.3,1146,810.9,53.8,4432.792,103.1,40.5,100.3,43.7,3928.042,37.8
32,76,49.5,1172,837.9,56.9,4847.482,102.4,43.4,103.1,46.3,4432.792,40.5
32,77,51.6,1195,862.9,60.6,5266.361,102.4,44.7,102.4,49.5,4847.482,43.4
32,78,56,1215,882.2,65.2,5920.86,103.1,49.5,102.4,51.6,5266.361,44.7
32,79,57.6,1241,905.3,72.6,6555.463,101,53.7,103.1,56,5920.86,49.5
32,80,62.6,1303,951.6,82.4,7168.074,102.7,57.2,101,57.6,6555.463,53.7
32,81,63,1328,971.9,90.9,7683.295,103,62.7,102.7,62.6,7168.074,57.2
32,82,69.4,1359,994,96.5,8046.673,97.5,68.1,103,63,7683.295,62.7
32,83,79.6,1399,1023.9,99.6,8546.188,96.3,80.5,97.5,69.4,8046.673,68.1
32,84,90.2,1424,1042.3,103.9,8896.998,88.9,92.8,96.3,79.6,8546.188,80.5
32,85,97.5,1450,1061.5,107.6,9619.565,88,95.1,88.9,90.2,8896.998,92.8
32,86,101.2,1479,1085.6,109.6,9889.743,88.2,103.5,88,97.5,9619.565,95.1
32,87,110.2,1500,1103,113.6,10162.01,82.3,108.6,88.2,101.2,9889.743,103.5
32,88,113.7,1507,1105,118.3,10672,77.7,113.5,82.3,110.2,10162.01,108.6
32,89,127.2,1528,1120,124,11302,74.4,125.6,77.7,113.7,10672,113.5
32,90,133.6,1539.2,1128.2,130.7,12398,70.8,130.2,74.4,127.2,11302,125.6
32,91,146.9,1572.7,1150.5,136.2,12961,69.9,149.1,70.8,133.6,12398,130.2
32,92,165.4,1606.2,1174.8,140.3,13709,71.4,165.7,69.9,146.9,12961,149.1
33,64,26.9,17894,12652.7,31,2827.206,141.2,27.8,146.9,26.2,2636.631,26.8
33,65,26.5,18106,12803.7,31.5,2964.378,138.5,28.1,141.2,26.9,2827.206,27.8
33,66,34.6,17968,12708.5,32.4,3141.34,122.4,29.8,138.5,26.5,2964.378,28.1
33,67,34.7,18023,12774.8,33.4,3310.972,123.2,30.1,122.4,34.6,3141.34,29.8
33,68,34.5,18186,12935.5,34.8,3583.222,124.9,31.3,123.2,34.7,3310.972,30.1
33,69,38.6,18321,13267.4,36.7,3790.55,122.4,32.2,124.9,34.5,3583.222,31.3
33,70,40.7,18241,13177,38.8,4119.344,119,37.7,122.4,38.6,3790.55,32.2
33,71,41.7,18361,13348.3,40.5,4394.735,123.3,39.5,119,40.7,4119.344,37.7
33,72,42.7,18350,13445.4,41.8,4599.969,119.9,40,123.3,41.7,4394.735,39.5
33,73,45.8,18196,13441.6,44.4,4977.977,118.7,39.8,119.9,42.7,4599.969,40
33,74,47.4,18078,13465.6,49.3,5387.398,121.6,41.3,118.7,45.8,4977.977,39.8
33,75,51.5,18041,13550.3,53.8,5828.233,123.9,41.8,121.6,47.4,5387.398,41.3
33,76,54.2,17987,13618.6,56.9,6193.675,124.6,47.1,123.9,51.5,5828.233,41.8
33,77,53.8,17869,13628.2,60.6,6644.981,125.5,47,124.6,54.2,6193.675,47.1
33,78,59.5,17746,13628.2,65.2,7338.17,126.4,52.5,125.5,53.8,6644.981,47
33,79,61.1,17648,13640.7,72.6,8053.349,124.4,54.8,126.4,59.5,7338.17,52.5
33,80,64.4,17557,13594.6,82.4,8929.782,127.6,58.9,124.4,61.1,8053.349,54.8
33,81,65.9,17602,13694.6,90.9,9901.504,130.1,61,127.6,64.4,8929.782,58.9
33,82,72.5,17659,13773.5,96.5,10557,128.5,66.8,130.1,65.9,9901.504,61
33,83,83.1,17667,13825.5,99.6,11476.36,124.6,77,128.5,72.5,10557,66.8
33,84,100.8,17735,13896.7,103.9,12574.78,119.3,90.6,124.6,83.1,11476.36,77
33,85,106.2,17762,13946.7,107.6,13192.58,115.9,95.5,119.3,100.8,12574.78,90.6
33,86,111.2,17795,13936.1,109.6,14042.84,114,104.9,115.9,106.2,13192.58,95.5
33,87,117,17825,14015,113.6,14908.8,108.9,110,114,111.2,14042.84,104.9
33,88,125.9,17909,14072,118.3,16269,106.2,112.3,108.9,117,14908.8,110
33,89,136.7,17950,14071,124,17293,100.1,122.8,106.2,125.9,16269,112.3
33,90,167.4,17957,14076.5,130.7,18178,93.7,133.7,100.1,136.7,17293,122.8
33,91,180.4,18024.9,14032.8,136.2,18631,86.4,144.1,93.7,167.4,18178,133.7
33,92,198.5,18085.8,14037.8,140.3,20021,82.4,168,86.4,180.4,18631,144.1
35,64,28.5,650,430.4,31,1841.376,102,28.5,103.3,27.1,1850.039,26.6
35,65,28.6,652,434.2,31.5,2184.047,103.2,28.3,102,28.5,1841.376,28.5
35,66,30.2,642,431.3,32.4,2218.699,99.5,30.3,103.2,28.6,2184.047,28.3
35,67,30.5,632,428.4,33.4,2297.629,96.3,30.9,99.5,30.2,2218.699,30.3
35,68,32.3,624,428.4,34.8,2430.462,97,32.4,96.3,30.5,2297.629,30.9
35,69,32.3,615,419.7,36.7,2672.064,96.9,32.4,97,32.3,2430.462,32.4
35,70,37.3,617,431.3,38.8,2748.106,93.8,34,96.9,32.3,2672.064,32.4
35,71,38.9,627,444.9,40.5,3167.782,98.5,34.7,93.8,37.3,2748.106,34
35,72,38.9,631,453.6,41.8,3774.195,103.8,39.1,98.5,38.9,3167.782,34.7
35,73,39.4,633,460.4,44.4,5650.222,108.7,39.6,103.8,38.9,3774.195,39.1
35,74,39.9,635,466.2,49.3,5191.082,110.5,40.4,108.7,39.4,5650.222,39.6
35,75,42.6,640,475,53.8,5211.295,117.9,42.8,110.5,39.9,5191.082,40.4
35,76,45.9,647,483.7,56.9,4987.981,125.4,45,117.9,42.6,5211.295,42.8
35,77,47.4,651,490.5,60.6,5169.905,122.2,46.4,125.4,45.9,4987.981,45
35,78,53.2,653,494.3,65.2,6271.073,121.9,51.9,122.2,47.4,5169.905,46.4
35,79,55,657,499.2,72.6,6778.342,121.3,53.7,121.9,53.2,6271.073,51.9
35,80,59.6,653,492.4,82.4,6896.736,123.7,56.7,121.3,55,6778.342,53.7
35,81,62,658,495.3,90.9,8365.602,125.7,60.4,123.7,59.6,6896.736,56.7
35,82,67.8,670,504,96.5,8818.005,126.8,65.7,125.7,62,8365.602,60.4
35,83,77.9,680,509.8,99.6,9423.454,119.6,77.2,126.8,67.8,8818.005,65.7
35,84,94.4,686,514.7,103.9,10345.59,109.4,89.8,119.6,77.9,9423.454,77.2
35,85,100.6,685,513.7,107.6,10608.36,103.2,92.3,109.4,94.4,10345.59,89.8
35,86,104.2,679,510.8,109.6,11053.07,99.8,102,103.2,100.6,10608.36,92.3
35,87,110.3,672,505,113.6,11364.94,92.3,106.2,99.8,104.2,11053.07,102
35,88,123.3,667,503,118.3,11389,87.1,115.3,92.3,110.3,11364.94,106.2
35,89,135.9,660,499,124,11937,84.1,123,87.1,123.3,11389,115.3
35,90,144.3,652.8,493.6,130.7,13416,77.1,138.9,84.1,135.9,11937,123
35,91,159.8,648.8,491.5,136.2,14157,85.2,143.6,77.1,144.3,13416,138.9
35,92,168.3,649.8,494.6,140.3,15297,74.4,160,85.2,159.8,14157,143.6
36,64,26.4,10124,6810.4,31,2408.687,129.4,25,130.4,26.3,2242.886,24.1
36,65,26.4,10241,6920.7,31.5,2568.384,134.8,24.5,129.4,26.4,2408.687,25
36,66,26.3,10397,7058.7,32.4,2759.615,135.5,24.7,134.8,26.4,2568.384,24.5
36,67,27,10488,7163.2,33.4,2861.333,136.4,25,135.5,26.3,2759.615,24.7
36,68,30.8,10610,7306,34.8,3083.078,129.8,26.3,136.4,27,2861.333,25
36,69,31.5,10740,7424.9,36.7,3295.669,128.8,27,129.8,30.8,3083.078,26.3
36,70,36.6,10652,7441.1,38.8,3476.728,121.6,28.3,128.8,31.5,3295.669,27
36,71,38.1,10721,7567.7,40.5,3699.49,124.6,30.1,121.6,36.6,3476.728,28.3
36,72,38.4,10725,7647.2,41.8,3928.356,124.4,30.6,124.6,38.1,3699.49,30.1
36,73,42,10738,7730.6,44.4,4381.002,120.5,30.6,124.4,38.4,3928.356,30.6
36,74,42.9,10730,7797.7,49.3,4774.652,122.1,31.5,120.5,42,4381.002,30.6
36,75,46,10727,7867.7,53.8,5111.339,122.5,33.3,122.1,42.9,4774.652,31.5
36,76,48.5,10703,7916.6,56.9,5601.621,124.6,36,122.5,46,5111.339,33.3
36,77,49.8,10715,7984.6,60.6,6149.881,127.3,36.9,124.6,48.5,5601.621,36
36,78,53.9,10732,8050.8,65.2,6804.947,131.3,41.4,127.3,49.8,6149.881,36.9
36,79,56.3,10731,8089.1,72.6,7502.733,130.9,43.4,131.3,53.9,6804.947,41.4
36,80,58.7,10797,8133.2,82.4,8130.334,133.5,46.3,130.9,56.3,7502.733,43.4
36,81,61.4,10781,8144.7,90.9,8789.469,132.8,49.4,133.5,58.7,8130.334,46.3
36,82,68.3,10791,8171.6,96.5,9259.406,134,56.3,132.8,61.4,8789.469,49.4
36,83,82.5,10746,8166.8,99.6,9800.547,130,66.4,134,68.3,9259.406,56.3
36,84,89.2,10752,8185,103.9,10736.35,127.1,75.4,130,82.5,9800.547,66.4
36,85,92.2,10745,8215.6,107.6,11248,126.7,79.3,127.1,89.2,10736.35,75.4
36,86,98.1,10748,8255.9,109.6,11814.57,126.3,85.4,126.7,92.2,11248,79.3
36,87,102.2,10784,8300,113.6,12360.79,124.6,90.5,126.3,98.1,11814.57,85.4
36,88,108.4,10855,8375,118.3,13261,122.4,94.4,124.6,102.2,12360.79,90.5
36,89,120.5,10907,8407,124,13994,118.6,103.8,122.4,108.4,13261,94.4
36,90,135.4,10925.1,8421,130.7,15025,115.5,115.6,118.6,120.5,13994,103.8
36,91,139.8,11017.8,8492.6,136.2,15396,113.2,120.5,115.5,135.4,15025,115.6
36,92,159.6,11095.3,8569.2,140.3,16359,112.3,135.8,113.2,139.8,15396,120.5
37,64,28.8,2461,1733.9,31,1929.506,111.5,25.6,113.4,28.4,1789.568,25.8
37,65,28.8,2448,1731,31.5,2085.787,115.6,26.1,111.5,28.8,1929.506,25.6
37,66,30.4,2478,1762.1,32.4,2201.21,115.9,26.2,115.6,28.8,2085.787,26.1
37,67,30.7,2516,1803,33.4,2362.598,117.9,27.5,115.9,30.4,2201.21,26.2
37,68,31.2,2542,1833.2,34.8,2548.501,113,29.2,117.9,30.7,2362.598,27.5
37,69,36.9,2568,1871.2,36.7,2701.717,108.7,29.9,113,31.2,2548.501,29.2
37,70,38.4,2559,1871.2,38.8,2959.121,108.4,34.2,108.7,36.9,2701.717,29.9
37,71,39.8,2607,1919.9,40.5,3130.723,115.4,36.8,108.4,38.4,2959.121,34.2
37,72,39.8,2639,1955,41.8,3315.605,121.7,37.7,115.4,39.8,3130.723,36.8
37,73,40.4,2667,1990.1,44.4,3819.176,124.1,37.7,121.7,39.8,3315.605,37.7
37,74,41,2697,2026.1,49.3,4160.338,130.5,38,124.1,40.4,3819.176,37.7
37,75,43.6,2728,2061.2,53.8,4616.923,132.9,42.7,130.5,41,4160.338,38
37,76,46.4,2771,2107.9,56.9,5047.972,138.6,44.7,132.9,43.6,4616.923,42.7
37,77,47.9,2805,2143,60.6,5551.544,140.4,45.9,138.6,46.4,5047.972,44.7
37,78,53.1,2843,2179,65.2,6248.168,143.6,49.9,140.4,47.9,5551.544,45.9
37,79,55.5,2892,2221.9,72.6,7113.331,141.6,52.2,143.6,53.1,6248.168,49.9
37,80,62.9,3025,2316.4,82.4,7889.627,141.6,57.3,141.6,55.5,7113.331,52.2
37,81,65.8,3100,2370,90.9,8826.291,143.7,59.8,141.6,62.9,7889.627,57.3
37,82,71.7,3177,2424.5,96.5,9376.849,147,64.7,143.7,65.8,8826.291,59.8
37,83,83.9,3298,2508.3,99.6,9553.559,140,74.8,147,71.7,9376.849,64.7
37,84,93.3,3298,2510.2,103.9,10029.55,128.1,84.8,140,83.9,9553.559,74.8
37,85,95.1,3316,2507.3,107.6,9973.372,124.2,93.7,128.1,93.3,10029.55,84.8
37,86,104.6,3306,2509.2,109.6,10159.27,119.9,101.2,124.2,95.1,9973.372,93.7
37,87,114.4,3272,2481,113.6,10359.48,113.1,108.5,119.9,104.6,10159.27,101.2
37,88,122.6,3242,2458,118.3,10956,103.6,113.7,113.1,114.4,10359.48,108.5
37,89,133.4,3224,2464,124,11591,97.5,118.9,103.6,122.6,10956,113.7
37,90,146.1,3219.9,2460.9,130.7,12579,88.4,129.1,97.5,133.4,11591,118.9
37,91,149.1,3249.6,2483.4,136.2,12951,87.8,132.5,88.4,146.1,12579,129.1
37,92,170.6,3287.5,2511.2,140.3,14344,86.3,153.1,87.8,149.1,12951,132.5
39,64,29.7,11505,8068.8,31,2344.455,117.4,26.4,128.3,26.8,2188.365,26.2
39,65,29.8,11583,8149.8,31.5,2484.006,120.4,26.4,117.4,29.7,2344.455,26.4
39,66,29.8,11657,8238.5,32.4,2655.602,122.9,26.3,120.4,29.8,2484.006,26.4
39,67,30.1,11672,8294.4,33.4,2837.535,125.5,27,122.9,29.8,2655.602,26.3
39,68,36.4,11750,8412.9,34.8,3033.94,117.1,30.8,125.5,30.1,2837.535,27
39,69,36.5,11803,8563.3,36.7,3255.154,114.7,30.7,117.1,36.4,3033.94,30.8
39,70,38.4,11793,8525.7,38.8,3494.975,107.3,32.6,114.7,36.5,3255.154,30.7
39,71,44.7,11864,8658.7,40.5,3701.717,106.3,34.2,107.3,38.4,3494.975,32.6
39,72,44.7,11871,8742.6,41.8,3929.133,109,34.3,106.3,44.7,3701.717,34.2
39,73,44.9,11840,8800.4,44.4,4359.157,110.7,35.3,109,44.7,3929.133,34.3
39,74,46.6,11807,8853.4,49.3,4777.81,114.2,35.8,110.7,44.9,4359.157,35.3
39,75,49.8,11829,8945,53.8,5227.473,114.6,39.5,114.2,46.6,4777.81,35.8
39,76,52.3,11807,8999.9,56.9,5680.238,118.8,46.1,114.6,49.8,5227.473,39.5
39,77,53.3,11791,9052,60.6,6157.813,120.1,48.9,118.8,52.3,5680.238,46.1
39,78,57.4,11763,9091.5,65.2,6741.859,122.3,52.1,120.1,53.3,6157.813,48.9
39,79,60.6,11731,9118.5,72.6,7483.029,122.6,56.2,122.3,57.4,6741.859,52.1
39,80,61.3,11864,9230.3,82.4,8231.436,124,58.1,122.6,60.6,7483.029,56.2
39,81,64.8,11871,9275.6,90.9,9035.662,125.2,61.4,124,61.3,8231.436,58.1
39,82,69.8,11865,9292,96.5,9616.607,123.3,65.4,125.2,64.8,9035.662,61.4
39,83,81.7,11895,9341.2,99.6,10151.04,125.3,74.9,123.3,69.8,9616.607,65.4
39,84,97.7,11901,9367.2,103.9,10842.59,115.3,84.2,125.3,81.7,10151.04,74.9
39,85,100.1,11864,9370.1,107.6,11532.07,115.8,90.1,115.3,97.7,10842.59,84.2
39,86,104.9,11894,9412.5,109.6,12193.65,113.9,93.3,115.8,100.1,11532.07,90.1
39,87,110,11936,9452,113.6,12911.04,100.6,100.3,113.9,104.9,12193.65,93.3
39,88,112.3,12001,9507,118.3,13891,107.6,108.4,100.6,110,12911.04,100.3
39,89,122.8,12040,9525,124,14811,107.1,120.2,107.6,112.3,13891,108.4
39,90,133.7,12056.2,9537.8,130.7,16136,101.3,131.5,107.1,122.8,14811,120.2
39,91,144.1,12136.4,9579.5,136.2,16609,102.5,139.8,101.3,133.7,16136,131.5
39,92,176.2,12185.1,9612,140.3,17658,96.2,158.2,102.5,144.1,16609,139.8
40,64,27.3,884,621.3,31,2363.677,140.3,27.8,144.6,27,2227.727,26.8
40,65,29.8,891,629,31.5,2514.046,133.2,28.1,140.3,27.3,2363.677,27.8
40,66,30,898,635.8,32.4,2708.702,140.2,30.1,133.2,29.8,2514.046,28.1
40,67,31,901,637.7,33.4,2905.417,144.5,31.1,140.2,30,2708.702,30.1
40,68,32.1,908,648.3,34.8,3077.415,142.9,31.3,144.5,31,2905.417,31.1
40,69,38.4,911,658.9,36.7,3265.891,117.8,32.2,142.9,32.1,3077.415,31.3
40,70,39.3,949,689.7,38.8,3505.864,123.9,39.6,117.8,38.4,3265.891,32.2
40,71,40.2,960,701.3,40.5,3659.322,123.2,41,123.9,39.3,3505.864,39.6
40,72,41.6,969,713.8,41.8,3906.504,134.4,46,123.2,40.2,3659.322,41
40,73,40.6,967,718.6,44.4,4212.392,142,46,134.4,41.6,3906.504,46
40,74,41.3,940,700.3,49.3,4598.614,146.1,46.3,142,40.6,4212.392,46
40,75,44.3,930,699.3,53.8,5066.199,154.7,49.4,146.1,41.3,4598.614,46.3
40,76,52.2,931,707,56.9,5481.259,150.2,57.4,154.7,44.3,5066.199,49.4
40,77,52.3,933,714.8,60.6,5987.982,148.8,57.3,150.2,52.2,5481.259,57.4
40,78,56.3,932,719.6,65.2,6546.201,146.8,61.7,148.8,52.3,5987.982,57.3
40,79,58.7,929,723.4,72.6,7211.532,145.8,64.4,146.8,56.3,6546.201,61.7
40,80,60,947,741.7,82.4,8033.412,149.3,67,145.8,58.7,7211.532,64.4
40,81,64.5,953,751.4,90.9,8821.305,151.2,70.8,149.3,60,8033.412,67
40,82,71.6,958,757.1,96.5,9456.769,146.3,78.1,151.2,64.5,8821.305,70.8
40,83,84,955,758.1,99.6,10332.2,135.8,88.7,146.3,71.6,9456.769,78.1
40,84,94.8,962,763.9,103.9,11243.69,136.9,101.4,135.8,84,10332.2,88.7
40,85,100.3,967,770.6,107.6,11830.74,133.4,108.3,136.9,94.8,11243.69,101.4
40,86,101.8,975,778.3,109.6,12449.73,136.3,115,133.4,100.3,11830.74,108.3
40,87,113.5,986,787,113.6,13229.38,124.4,120.4,136.3,101.8,12449.73,115
40,88,121.5,993,791,118.3,14352,138,129.7,124.4,113.5,13229.38,120.4
40,89,134.8,998,793,124,15189,120.8,142,138,121.5,14352,129.7
40,90,150.9,1000,794.6,130.7,15870,101.4,152.4,120.8,134.8,15189,142
40,91,170.3,1001,790.6,136.2,16024,103.6,163.3,101.4,150.9,15870,152.4
40,92,190,1002,787.6,140.3,17863,100.1,175.9,103.6,170.3,16024,163.3
41,64,26.5,2528,1638.8,31,1619.314,89.7,27.5,88.2,27.3,1498.148,26.9
41,65,26.2,2550,1663.6,31.5,1769.231,90.1,30.9,89.7,26.5,1619.314,27.5
41,66,26.2,2607,1718,32.4,1946.873,93.4,30.6,90.1,26.2,1769.231,30.9
41,67,27.3,2638,1750.5,33.4,2086.522,95.1,31.5,93.4,26.2,1946.873,30.6
41,68,29.5,2669,1792.5,34.8,2269.299,95.7,33.3,95.1,27.3,2086.522,31.5
41,69,29,2692,1788.7,36.7,2466.45,104.2,34.2,95.7,29.5,2269.299,33.3
41,70,32.5,2590,1774.3,38.8,2688.246,103.6,34.3,104.2,29,2466.45,34.2
41,71,34.3,2642,1828.7,40.5,2863.834,115,35.8,103.6,32.5,2688.246,34.3
41,72,34.1,2682,1870.7,41.8,3087.684,118.7,40.9,115,34.3,2863.834,35.8
41,73,33.5,2723,1911.8,44.4,3473.772,125.5,42.4,118.7,34.1,3087.684,40.9
41,74,35.2,2774,1965.2,49.3,3823.922,129.7,42.4,125.5,33.5,3473.772,42.4
41,75,38.1,2813,2010.1,53.8,4115.542,130.5,44.5,129.7,35.2,3823.922,42.4
41,76,41,2838,2043.5,56.9,4468.773,136.8,47.9,130.5,38.1,4115.542,44.5
41,77,42.2,2868,2079.8,60.6,4848.701,137.2,49.5,136.8,41,4468.773,47.9
41,78,49.2,2902,2118.9,65.2,5327.204,140.4,54.7,137.2,42.2,4848.701,49.5
41,79,50.2,2932,2151.4,72.6,5820.083,135.7,56.6,140.4,49.2,5327.204,54.7
41,80,52.3,3122,2308.8,82.4,6345.822,138.3,59.3,135.7,50.2,5820.083,56.6
41,81,54.7,3167,2351.8,90.9,6978.35,136.1,62.6,138.3,52.3,6345.822,59.3
41,82,61.9,3203,2383.3,96.5,7441.451,136,67.8,136.1,54.7,6978.35,62.6
41,83,72.4,3264,2437.7,99.6,8005.182,131.1,78.9,136,61.9,7441.451,67.8
41,84,81.3,3300,2477.8,103.9,8794.815,127,86.8,131.1,72.4,8005.182,78.9
41,85,83,3334,2515,107.6,9215.817,125.4,90.7,127,81.3,8794.815,86.8
41,86,88.7,3381,2558,109.6,9728.206,126.6,100.1,125.4,83,9215.817,90.7
41,87,95.3,3425,2599,113.6,10317.61,126.6,103.9,126.6,88.7,9728.206,100.1
41,88,99.9,3470,2636,118.3,11098,124.4,109.2,126.6,95.3,10317.61,103.9
41,89,111.9,3512,2667,124,11665,122.4,122.4,124.4,99.9,11098,109.2
41,90,125.2,3542.5,2690.1,130.7,12880,118.6,132.3,122.4,111.9,11665,122.4
41,91,129,3616.6,2744.6,136.2,13166,121.5,138.2,118.6,125.2,12880,132.3
41,92,151.9,3660.3,2780.8,140.3,14318,121.9,159.5,121.5,129,13166,138.2
42,64,28.5,700,467.8,31,1785.931,99.4,26.2,106,26.6,1780.951,25.8
42,65,28.3,686,460.9,31.5,2051.878,98.7,26.1,99.4,28.5,1785.931,26.2
42,66,30.5,680,459,32.4,2241.129,98.8,26.5,98.7,28.3,2051.878,26.1
42,67,31.3,668,455.1,33.4,2310.853,99.6,27.4,98.8,30.5,2241.129,26.5
42,68,32.7,665,459,34.8,2460.262,100.4,32.3,99.6,31.3,2310.853,27.4
42,69,32.4,659,453.1,36.7,2609.671,102.5,32.3,100.4,32.7,2460.262,32.3
42,70,38.5,666,470.7,38.8,2819.839,92.7,33.9,102.5,32.4,2609.671,32.3
42,71,38.5,671,481.4,40.5,3083.794,96.7,34.4,92.7,38.5,2819.839,33.9
42,72,39.1,677,491.1,41.8,3536.004,103,34.4,96.7,38.5,3083.794,34.4
42,73,39.6,679,497,44.4,4566.923,103.5,34.4,103,39.1,3536.004,34.4
42,74,40.4,680,502.8,49.3,4404.566,108.4,35.8,103.5,39.6,4566.923,34.4
42,75,42.8,682,507.7,53.8,4611.746,113.5,38.6,108.4,40.4,4404.566,35.8
42,76,45,687,516.5,56.9,4516.125,116.7,42.6,113.5,42.8,4611.746,38.6
42,77,46.4,690,521.4,60.6,5246.235,115.6,43.4,116.7,45,4516.125,42.6
42,78,53.2,690,524.3,65.2,5945.467,116.9,49.8,115.6,46.4,5246.235,43.4
42,79,54.1,689,524.3,72.6,6671.593,117.4,51.7,116.9,53.2,5945.467,49.8
42,80,58.8,691,523.3,82.4,6793.112,114.7,55.3,117.4,54.1,6671.593,51.7
42,81,62.3,686,518.4,90.9,7773.232,115.7,55.9,114.7,58.8,6793.112,55.3
42,82,68,691,521.4,96.5,8012.286,113,64.3,115.7,62.3,7773.232,55.9
42,83,78.8,700,525.3,99.6,8478.441,109.8,71,113,68,8012.286,64.3
42,84,89.8,706,530.1,103.9,9333.059,105.7,81.7,109.8,78.8,8478.441,71
42,85,92.3,708,532.1,107.6,9821.127,104.4,87.4,105.7,89.8,9333.059,81.7
42,86,108.5,708,534,109.6,10482.51,97,97.8,104.4,92.3,9821.127,87.4
42,87,113.7,709,535,113.6,10974.56,95.8,102.7,97,108.5,10482.51,97.8
42,88,124.7,713,538,118.3,11369,91.9,112.9,95.8,113.7,10974.56,102.7
42,89,130.1,715,539,124,12335,87.4,118.6,91.9,124.7,11369,112.9
42,90,138.9,714,538.2,130.7,14308,88.3,129.5,87.4,130.1,12335,118.6
42,91,150.3,721.2,544.5,136.2,14831,91.8,127,88.3,138.9,14308,129.5
42,92,160,729.4,549.7,140.3,15082,93,155.1,91.8,150.3,14831,127
43,64,29,3805,2598.9,31,1797.19,105.5,25,110.3,26.1,1676.959,24.1
43,65,28.9,3850,2639.2,31.5,1940.421,108.1,24.5,105.5,29,1797.19,25
43,66,29.5,3878,2674.7,32.4,2107.699,109.9,24.7,108.1,28.9,1940.421,24.5
43,67,29.6,3936,2730.4,33.4,2239.43,111.5,25,109.9,29.5,2107.699,24.7
43,68,32.6,3952,2763.9,34.8,2448.527,109.2,26.3,111.5,29.6,2239.43,25
43,69,32.8,3985,2808.1,36.7,2626.26,107.3,27,109.2,32.6,2448.527,26.3
43,70,39.9,3924,2788.9,38.8,2825.948,99.8,28.3,107.3,32.8,2626.26,27
43,71,41.6,3991,2859,40.5,3058.045,106.3,30.1,99.8,39.9,2825.948,28.3
43,72,41.6,4054,2923.3,41.8,3350.781,111.5,29.9,106.3,41.6,3058.045,30.1
43,73,40.8,4089,2972.2,44.4,3753.293,109.7,30.1,111.5,41.6,3350.781,29.9
43,74,42.5,4137,3030.7,49.3,4088.894,114.8,31.3,109.7,40.8,3753.293,30.1
43,75,45.3,4180,3085.4,53.8,4397.313,117.4,33.3,114.8,42.5,4088.894,31.3
43,76,48.3,4233,3147.8,56.9,4805.052,121.7,36,117.4,45.3,4397.313,33.3
43,77,49.6,4289,3212.1,60.6,5222.201,124.6,36.9,121.7,48.3,4805.052,36
43,78,54.8,4333,3261.1,65.2,5800.354,127.3,41.4,124.6,49.6,5222.201,36.9
43,79,57.3,4380,3317.7,72.6,6399.417,127.2,43.4,127.3,54.8,5800.354,41.4
43,80,60.3,4591,3476,82.4,6868.841,130.4,46.3,127.2,57.3,6399.417,43.4
43,81,63.7,4612,3503.9,90.9,7577.68,129.1,49.4,130.4,60.3,6868.841,46.3
43,82,68.3,4651,3545.1,96.5,8047.103,131.4,56.3,129.1,63.7,7577.68,49.4
43,83,79.1,4685,3582.6,99.6,8501.89,129,66.4,131.4,68.3,8047.103,56.3
43,84,88.3,4717,3621.9,103.9,9367.552,125.1,75.4,129,79.1,8501.89,66.4
43,85,92.5,4766,3668.9,107.6,9810.837,128.7,79.3,125.1,88.3,9367.552,75.4
43,86,98.8,4800,3709.3,109.6,10592.86,129,85.4,128.7,92.5,9810.837,79.3
43,87,103.5,4855,3763,113.6,11367.57,130.6,90.5,129,98.8,10592.86,85.4
43,88,112.1,4895,3798,118.3,12228,125.3,94.4,130.6,103.5,11367.57,90.5
43,89,121.5,4940,3832,124,12854,124.7,103.8,125.3,112.1,12228,94.4
43,90,135,4963.4,3850.2,130.7,13857,121.8,115.6,124.7,121.5,12854,103.8
43,91,137.4,5040.8,3912,136.2,14328,120.6,120.5,121.8,135,13857,115.6
43,92,163.9,5113,3967.7,140.3,15820,121,135.8,120.6,137.4,14328,120.5
44,64,29.7,10401,6910.9,31,2043.879,110.7,27.3,113.4,29.5,1896.927,27
44,65,29.5,10591,7067.3,31.5,2179.448,120.5,27.2,110.7,29.7,2043.879,27.3
44,66,33.8,10714,7190.8,32.4,2331.574,106.1,30,120.5,29.5,2179.448,27.2
44,67,34.4,10858,7333.6,33.4,2530.27,109,30.4,106.1,33.8,2331.574,30
44,68,34.9,11013,7495.8,34.8,2721.722,108.4,30.9,109,34.4,2530.27,30.4
44,69,34.4,11187,7606.7,36.7,2928.697,111.3,30.9,108.4,34.9,2721.722,30.9
44,70,40.4,11196,7817.1,38.8,3185.346,106.4,34.3,111.3,34.4,2928.697,30.9
44,71,42,11445,8056.5,40.5,3350.926,108.9,38.8,106.4,40.4,3185.346,34.3
44,72,46.9,11644,8261.1,41.8,3570.32,108.6,39.8,108.9,42,3350.926,38.8
44,73,46.4,11853,8474.4,44.4,4029.804,110.4,39.9,108.6,46.9,3570.32,39.8
44,74,47.5,12049,8682.8,49.3,4427.197,114.7,41,110.4,46.4,4029.804,39.9
44,75,50.6,12293,8926,53.8,4954.983,116,43.6,114.7,47.5,4427.197,41
44,76,53.3,12571,9194.3,56.9,5447.584,121.4,46.4,116,50.6,4954.983,43.6
44,77,53.3,12801,9419.2,60.6,5970.196,124.2,47.9,121.4,53.3,5447.584,46.4
44,78,59.1,13047,9646,65.2,6739.108,126.6,53.1,124.2,53.3,5970.196,47.9
44,79,62.2,13380,9924.9,72.6,7525.613,126.4,55.5,126.6,59.1,6739.108,53.1
44,80,63.7,14228,10564.7,82.4,8363.862,129.7,60,126.4,62.2,7525.613,55.5
44,81,66.9,14766,10960.4,90.9,9404.947,129,62.6,129.7,63.7,8363.862,60
44,82,73.8,15280,11331.9,96.5,9983.442,131.2,69.4,129,66.9,9404.947,62.6
44,83,84.1,15724,11655.2,99.6,10367.38,126.4,79.6,131.2,73.8,9983.442,69.4
44,84,93.8,15989,11856.9,103.9,11138.36,117.2,90.2,126.4,84.1,10367.38,79.6
44,85,102.1,16389,12077,107.6,11755.15,115.9,95.1,117.2,93.8,11138.36,90.2
44,86,105.5,16689,12300.9,109.6,11910.38,113.7,101.2,115.9,102.1,11755.15,95.1
44,87,114.4,16789,12353,113.6,12184.62,105.8,110.2,113.7,105.5,11910.38,101.2
44,88,128,16841,12390,118.3,12908,96.5,113.7,105.8,114.4,12184.62,110.2
44,89,137,16991,12545,124,13687,94.5,127.2,96.5,128,12908,113.7
44,90,145.7,17173,12679.4,130.7,14590,85.6,133.6,94.5,137,13687,127.2
44,91,173.6,17538.9,12913.8,136.2,15187,79.6,146.5,85.6,145.7,14590,133.6
44,92,186,17849.3,13123.2,140.3,15965,77.2,165.4,79.6,173.6,15187,146.5
45,64,29.4,977,594.8,31,2181.171,62.3,24,72,24.9,2060.706,23.9
45,65,29.7,994,609.9,31.5,2282.448,65,24.2,62.3,29.4,2181.171,24
45,66,30.8,1010,624.9,32.4,2365.601,65.7,26.5,65,29.7,2282.448,24.2
45,67,31.5,1022,637.1,33.4,2454.084,64.3,27.4,65.7,30.8,2365.601,26.5
45,68,32.3,1031,649.4,34.8,2573.483,64.3,31.3,64.3,31.5,2454.084,27.4
45,69,33.3,1045,644.7,36.7,2706.742,65.6,31.9,64.3,32.3,2573.483,31.3
45,70,34.6,1059,686.9,38.8,2975.39,65.5,33.8,65.6,33.3,2706.742,31.9
45,71,36.6,1094,716.1,40.5,3192.868,67.7,33.6,65.5,34.6,2975.39,33.8
45,72,37.2,1123,740.5,41.8,3449.79,71.3,33.7,67.7,36.6,3192.868,33.6
45,73,36.5,1152,764.9,44.4,3757.883,72.7,34.4,71.3,37.2,3449.79,33.7
45,74,37.8,1177,784.7,49.3,4094.76,75.6,35.8,72.7,36.5,3757.883,34.4
45,75,40.5,1206,806.3,53.8,4488.138,75.8,38.6,75.6,37.8,4094.76,35.8
45,76,43.4,1239,828.8,56.9,4868.724,77.9,42.5,75.8,40.5,4488.138,38.6
45,77,44.7,1276,852.3,60.6,5311.141,78,43.4,77.9,43.4,4868.724,42.5
45,78,49.5,1317,875.8,65.2,5899.609,79.6,49.8,78,44.7,5311.141,43.4
45,79,53.7,1367,904,72.6,6426.246,79.1,51.7,79.6,49.5,5899.609,49.8
45,80,57.2,1461,961.3,82.4,6981.667,74.8,55.3,79.1,53.7,6426.246,51.7
45,81,62.7,1518,991.4,90.9,7545.616,77.6,55.9,74.8,57.2,6981.667,55.3
45,82,68.1,1554,1009.3,96.5,7796.141,73.6,64.3,77.6,62.7,7545.616,55.9
45,83,82,1619,1045.9,99.6,8251.352,69,71,73.6,68.1,7796.141,64.3
45,84,95.3,1652,1065.7,103.9,8831.291,66.3,81.7,69,82,8251.352,71
45,85,104.6,1644,1081.6,107.6,9230,66.5,87.4,66.3,95.3,8831.291,81.7
45,86,103.5,1664,1099.5,109.6,9647.897,64.4,97.8,66.5,104.6,9230,87.4
45,87,108.6,1680,1107,113.6,10035.95,67.7,102.7,64.4,103.5,9647.897,97.8
45,88,122.9,1690,1116,118.3,10650,55,112.9,67.7,108.6,10035.95,102.7
45,89,135.6,1707,1131,124,11425,57,118.6,55,122.9,10650,112.9
45,90,151.9,1724,1142.3,130.7,12012,53.4,129.5,57,135.6,11425,118.6
45,91,167.1,1771,1178.9,136.2,12492,53.5,127,53.4,151.9,12012,129.5
45,92,170.1,1814.1,1214.5,140.3,13355,55,155.1,53.5,167.1,12492,127
46,64,29.3,399,272.4,31,2188.801,129.1,24.7,133.5,28.2,2042.503,24.2
46,65,29.4,404,276.3,31.5,2400.876,122.9,24.7,129.1,29.3,2188.801,24.7
46,66,32.5,410,282,32.4,2634.5,130.4,25.9,122.9,29.4,2400.876,24.7
46,67,31.8,420,289.8,33.4,2786.468,127.4,26.5,130.4,32.5,2634.5,25.9
46,68,33.9,429,298.5,34.8,2990.605,128.8,29.9,127.4,31.8,2786.468,26.5
46,69,34.2,439,307.2,36.7,3161.853,134.6,29.9,128.8,33.9,2990.605,29.9
46,70,37.7,444,311,38.8,3393.208,122.6,31.4,134.6,34.2,3161.853,29.9
46,71,39.5,453,319.7,40.5,3668.793,124.4,34.1,122.6,37.7,3393.208,31.4
46,72,40,460,327.4,41.8,3778.8,138,36.1,124.4,39.5,3668.793,34.1
46,73,39.8,464,333.2,44.4,4167.794,146.8,36.9,138,40,3778.8,36.1
46,74,41.3,468,339,49.3,4485.34,151.8,37.9,146.8,39.8,4167.794,36.9
46,75,41.8,473,346.8,53.8,4816.496,155.5,40.8,151.8,41.3,4485.34,37.9
46,76,47.1,477,353.5,56.9,5304.156,171.1,43.9,155.5,41.8,4816.496,40.8
46,77,47,483,360.3,60.6,5630.775,169.4,45,171.1,47.1,5304.156,43.9
46,78,52.5,487,367,65.2,6338.449,162.4,49.7,169.4,47,5630.775,45
46,79,54.8,493,373.8,72.6,6920.24,160.9,53.2,162.4,52.5,6338.449,49.7
46,80,58.9,511,390.2,82.4,7519.041,161.6,55.3,160.9,54.8,6920.24,53.2
46,81,61,516,395.1,90.9,8392.293,163.8,58.4,161.6,58.9,7519.041,55.3
46,82,66.8,516,396,96.5,9596.7,162.3,67,163.8,61,8392.293,58.4
46,83,77,525,404.7,99.6,9335.859,153.8,74.7,162.3,66.8,9596.7,67
46,84,90.6,530,407.6,103.9,10134.26,144.3,90.5,153.8,77,9335.859,74.7
46,85,95.5,535,413.4,107.6,10719.45,144.5,89.2,144.3,90.6,10134.26,90.5
46,86,104.9,541,419.2,109.6,11288.77,131.2,100,144.5,95.5,10719.45,89.2
46,87,113.8,548,425,113.6,12070.16,128.3,102,131.2,104.9,11288.77,100
46,88,123.7,557,433,118.3,13126,128.7,113.5,128.3,113.8,12070.16,102
46,89,129.7,567,441,124,13945,120.9,125.9,128.7,123.7,13126,113.5
46,90,143.7,572.1,445,130.7,14896,124.3,135.9,120.9,129.7,13945,125.9
46,91,150.1,576.1,447,136.2,15121,120.9,153.9,124.3,143.7,14896,135.9
46,92,168,579.2,452.1,140.3,16640,126.5,164.4,120.9,150.1,15121,153.9
47,64,25.2,4371,2962.3,31,2134.44,118.5,23.9,122.8,24.7,1936.033,23.4
47,65,25.1,4420,3001.8,31.5,2267.059,123.3,24.1,118.5,25.2,2134.44,23.9
47,66,24.7,4481,3056.7,32.4,2404.9,120.2,24.1,123.3,25.1,2267.059,24.1
47,67,26.3,4541,3119.3,33.4,2580.333,120.9,25,120.2,24.7,2404.9,24.1
47,68,27.1,4604,3182,34.8,2794.404,122.8,26.3,120.9,26.3,2580.333,25
47,69,28.3,4669,3251.3,36.7,3024.138,123.9,27,122.8,27.1,2794.404,26.3
47,70,28.8,4648,3292.8,38.8,3284.156,124.3,28.3,123.9,28.3,3024.138,27
47,71,30.2,4736,3383.3,40.5,3562.969,128.4,30.1,124.3,28.8,3284.156,28.3
47,72,29.9,4799,3456.5,41.8,3840.739,137,30.6,128.4,30.2,3562.969,30.1
47,73,30.1,4865,3538.4,44.4,4290.809,143.1,30.6,137,29.9,3840.739,30.6
47,74,31.3,4924,3616.4,49.3,4677.18,149.6,31.5,143.1,30.1,4290.809,30.6
47,75,33.6,4989,3701.2,53.8,5154.401,152.7,33.3,149.6,31.3,4677.18,31.5
47,76,37.9,5052,3784.1,56.9,5570.011,158.1,36,152.7,33.6,5154.401,33.3
47,77,38.4,5112,3865,60.6,6093.179,157.7,36.9,158.1,37.9,5570.011,36
47,78,42.8,5177,3566.3,65.2,6684.222,155.9,41.4,157.7,38.4,6093.179,36.9
47,79,45.8,5197,3993.1,72.6,7396.398,151.8,43.4,155.9,42.8,6684.222,41.4
47,80,48.5,5346,4100,82.4,8230.751,148.9,46.3,151.8,45.8,7396.398,43.4
47,81,51.8,5430,4187.7,90.9,9028.556,149.9,49.4,148.9,48.5,8230.751,46.3
47,82,56.4,5491,4247.4,96.5,9754.307,147.4,56.3,149.9,51.8,9028.556,49.4
47,83,68.8,5550,4310.1,99.6,10561.51,144.7,66.4,147.4,56.4,9754.307,56.3
47,84,76,5636,4391,103.9,11529.53,136.8,75.4,144.7,68.8,10561.51,66.4
47,85,83.6,5701,4453.6,107.6,12246.92,134.6,79.3,136.8,76,11529.53,75.4
47,86,91.3,5795,4540.3,109.6,13127.22,135.8,85.4,134.6,83.6,12246.92,79.3
47,87,94.6,5904,4627,113.6,13942.78,133,90.5,135.8,91.3,13127.22,85.4
47,88,102.1,6015,4725,118.3,15010,129.5,94.4,133,94.6,13942.78,90.5
47,89,109.4,6098,4782,124,15936,122.5,103.8,129.5,102.1,15010,94.4
47,90,128.6,6164.8,4834.4,130.7,16698,118.9,115.6,122.5,109.4,15936,103.8
47,91,136.5,6263.4,4898.2,136.2,17038,109.1,120.5,118.9,128.6,16698,115.6
47,92,157.9,6354.1,4965.1,140.3,18010,108.2,135.8,109.1,136.5,17038,120.5
48,64,29.9,2971,2045.2,31,2569.194,95.4,29.4,99.1,30.1,2409.333,28
48,65,30,2973,2057.8,31.5,2764.349,98.3,29.1,95.4,29.9,2569.194,29.4
48,66,34.7,3074,2140,32.4,3003.102,86.9,29.8,98.3,30,2764.349,29.1
48,67,35,3208,2250.3,33.4,3143.24,99.7,30.1,86.9,34.7,3003.102,29.8
48,68,37.1,3296,2333.5,34.8,3363.308,101.5,32,99.7,35,3143.24,30.1
48,69,37.6,3402,2421.5,36.7,3529.397,100.2,31.9,101.5,37.1,3363.308,32
48,70,38.7,3409,2438,38.8,3664.345,96.7,33.8,100.2,37.6,3529.397,31.9
48,71,40.3,3433,2477.6,40.5,3829.396,97,33.6,96.7,38.7,3664.345,33.8
48,72,46.1,3423,2489.2,41.8,4072.302,88.5,33.7,97,40.3,3829.396,33.6
48,73,45.9,3443,2528.9,44.4,4593.407,91,36.3,88.5,46.1,4072.302,33.7
48,74,46.9,3503,2597.6,49.3,5079.218,98.6,38,91,45.9,4593.407,36.3
48,75,49,3563,2667.3,53.8,5631.465,99.5,40.3,98.6,46.9,5079.218,38
48,76,53,3623,2735,56.9,6166.064,100.3,42.5,99.5,49,5631.465,40.3
48,77,53.7,3693,2806.6,60.6,6674.713,99.3,45.6,100.3,53,6166.064,42.5
48,78,58.6,3793,2899.4,65.2,7521.769,101.3,51.5,99.3,53.7,6674.713,45.6
48,79,61.6,3926,3014.6,72.6,8311.73,101.4,55.4,101.3,58.6,7521.769,51.5
48,80,63.8,4132,3165.5,82.4,9105.845,101.4,56.4,101.4,61.6,8311.73,55.4
48,81,66.6,4217,3233.2,90.9,9940.443,112.7,59.2,101.4,63.8,9105.845,56.4
48,82,80.3,4245,3252.6,96.5,10492.69,106.6,67.6,112.7,66.6,9940.443,59.2
48,83,93.1,4300,3299,99.6,11018.99,102.4,76.5,106.6,80.3,10492.69,67.6
48,84,105.9,4349,3345.4,103.9,11805.83,96.2,88.5,102.4,93.1,11018.99,76.5
48,85,114.4,4406,3394.8,107.6,12336.28,96.5,97.6,96.2,105.9,11805.83,88.5
48,86,125.7,4463,3450.9,109.6,12946.66,94.2,99.9,96.5,114.4,12336.28,97.6
48,87,134.2,4538,3507,113.6,13522.78,91.3,107.1,94.2,125.7,12946.66,99.9
48,88,141.4,4648,3591,118.3,14347,88.2,121.9,91.3,134.2,13522.78,107.1
48,89,150.6,4761,3669,124,15438,86.1,133.6,88.2,141.4,14347,121.9
48,90,167.5,4882.4,3762.5,130.7,16252,83.4,141.3,86.1,150.6,15438,133.6
48,91,177.4,5033.9,3866.5,136.2,16967,78.7,144.4,83.4,167.5,16252,141.3
48,92,199.2,5152.2,3950.2,140.3,18038,81.1,167.2,78.7,177.4,16967,144.4
49,64,28,1823,1260.4,31,1721.532,109,25,111.8,27.7,1598.063,24.1
49,65,28.2,1815,1264.3,31.5,1855.038,110.5,24.5,109,28,1721.532,25
49,66,28.4,1815,1275.8,32.4,1962.446,111.2,24.7,110.5,28.2,1855.038,24.5
49,67,29.5,1807,1280.6,33.4,2097.96,113.6,25,111.2,28.4,1962.446,24.7
49,68,31.3,1819,1301.8,34.8,2202.356,119.8,26.3,113.6,29.5,2097.96,25
49,69,32.1,1819,1310.4,36.7,2358.95,112.1,27,119.8,31.3,2202.356,26.3
49,70,33.7,1744,1255.6,38.8,2659.089,114.5,28.3,112.1,32.1,2358.95,27
49,71,41.6,1761,1277.7,40.5,2868.885,111.5,30.1,114.5,33.7,2659.089,28.3
49,72,41.3,1781,1300.8,41.8,3118.833,117.5,29.9,111.5,41.6,2868.885,30.1
49,73,39.9,1782,1310.4,44.4,3424.995,116.6,30.1,117.5,41.3,3118.833,29.9
49,74,42,1784,1320,49.3,3815.477,119.9,31.3,116.6,39.9,3424.995,30.1
49,75,45.2,1803,1340.2,53.8,4251.129,123.2,33.3,119.9,42,3815.477,31.3
49,76,48.4,1833,1369.1,56.9,4646.63,129.7,36,123.2,45.2,4251.129,33.3
49,77,48.9,1853,1389.2,60.6,5074.252,133.9,36.9,129.7,48.4,4646.63,36
49,78,53.9,1861,1399.8,65.2,5525.966,131.6,41.4,133.9,48.9,5074.252,36.9
49,79,62.4,1878,1416.2,72.6,6080.069,122.1,43.4,131.6,53.9,5525.966,41.4
49,80,64.3,1950,1467.1,82.4,6593.015,122.3,46.3,122.1,62.4,6080.069,43.4
49,81,66.2,1952,1471.9,90.9,7108.973,120.5,49.4,122.3,64.3,6593.015,46.3
49,82,75.1,1948,1473.8,96.5,7632.96,119.8,56.3,120.5,66.2,7108.973,49.4
49,83,88.2,1965,1490.2,99.6,7830.711,115.7,66.4,119.8,75.1,7632.96,56.3
49,84,97.2,1952,1487.3,103.9,8338.638,111.9,75.4,115.7,88.2,7830.711,66.4
49,85,103.2,1936,1484.4,107.6,8780.313,109.1,79.3,111.9,97.2,8338.638,75.4
49,86,104.1,1917,1477.7,109.6,9173.807,112.1,85.4,109.1,103.2,8780.313,79.3
49,87,112.8,1897,1470,113.6,9599.422,107.5,90.5,112.1,104.1,9173.807,85.4
49,88,122.2,1876,1460,118.3,10279,109.1,94.4,107.5,112.8,9599.422,90.5
49,89,131.2,1857,1452,124,10901,104,103.8,109.1,122.2,10279,94.4
49,90,142.9,1842.6,1440.8,130.7,11946,104.1,115.6,104,131.2,10901,103.8
49,91,144.1,1850.8,1454.1,136.2,12381,100.1,120.5,104.1,142.9,11946,115.6
49,92,158.2,1862.1,1465.4,140.3,13526,98,135.8,100.1,144.1,12381,120.5
50,64,29.5,4100,2735.1,31,2307.521,106.2,25.6,110.4,27.6,2146.288,25.4
50,65,29.8,4140,2773.5,31.5,2456.191,109.4,26.2,106.2,29.5,2307.521,25.6
50,66,32.1,4178,2812.8,32.4,2633.129,106.3,30,109.4,29.8,2456.191,26.2
50,67,32.8,4194,2841.6,33.4,2726.309,108.3,30.1,106.3,32.1,2633.129,30
50,68,33.6,4211,2878,34.8,2939.891,111.4,32.7,108.3,32.8,2726.309,30.1
50,69,33.6,4233,2898.1,36.7,3109.5,111.5,32.8,111.4,33.6,2939.891,32.7
50,70,38.5,4417,3059.2,38.8,3339.833,106.4,37.7,111.5,33.6,3109.5,32.8
50,71,40.2,4466,3129.2,40.5,3582.73,105.4,38.5,106.4,38.5,3339.833,37.7
50,72,40.3,4510,3197.2,41.8,3814.111,108.8,41.9,105.4,40.2,3582.73,38.5
50,73,42.6,4537,3253.8,44.4,4269.542,109.5,41,108.8,40.3,3814.111,41.9
50,74,43.9,4563,3310.4,49.3,4634.935,111.8,41.9,109.5,42.6,4269.542,41
50,75,46.6,4601,3377.5,53.8,5039.065,113.5,45.2,111.8,43.9,4634.935,41.9
50,76,51.3,4623,3430.2,56.9,5487.168,115.4,47.8,113.5,46.6,5039.065,45.2
50,77,52.1,4658,3489.6,60.6,6063.001,117.2,49.4,115.4,51.3,5487.168,47.8
50,78,57.1,4683,3537.6,65.2,6728.874,116.7,54.6,117.2,52.1,6063.001,49.4
50,79,58.7,4720,3590.3,72.6,7622.986,117.1,56.4,116.7,57.1,6728.874,54.6
50,80,61.2,4705,3551,82.4,8173.692,117.6,58.8,117.1,58.7,7622.986,56.4
50,81,64.9,4742,3592.2,90.9,8663.674,119.9,61.4,117.6,61.2,8173.692,58.8
50,82,75,4765,3617.1,96.5,9196.582,115.6,69.6,119.9,64.9,8663.674,61.4
50,83,92,4751,3616.2,99.6,9815.341,106.3,80.8,115.6,75,9196.582,69.6
50,84,100.8,4766,3639.2,103.9,10641.4,105.6,89.6,106.3,92,9815.341,80.8
50,85,106.8,4775,3657.4,107.6,11228.75,107,96.7,105.6,100.8,10641.4,89.6
50,86,110.8,4783,3670.8,109.6,11763.75,105.4,104.8,107,106.8,11228.75,96.7
50,87,116.3,4807,3690,113.6,12336.44,106,116.2,105.4,110.8,11763.75,104.8
50,88,128.6,4855,3728,118.3,13129,102.6,124.1,106,116.3,12336.44,116.2
50,89,138.3,4867,3745,124,13933,100.3,132.7,102.6,128.6,13129,124.1
50,90,151.1,4902.1,3772,130.7,14958,94.1,147.3,100.3,138.3,13933,132.7
50,91,158.6,4965.2,3817.4,136.2,15438,95.5,154.4,94.1,151.1,14958,147.3
50,92,176.5,5017.3,3853.8,140.3,16351,96.2,178.5,95.5,158.6,15438,154.4
51,64,26.2,338,224.8,31,2323.409,134,27.5,125.6,26.2,2212.869,24.9
51,65,26.1,330,220,31.5,2468.041,137.6,27.6,134,26.2,2323.409,27.5
51,66,26.5,320,215.2,32.4,2593.044,133.3,29.6,137.6,26.1,2468.041,27.6
51,67,27.4,319,216.1,33.4,2775.9,137.4,30.1,133.3,26.5,2593.044,29.6
51,68,32.5,322,221.9,34.8,2921.565,136.5,32,137.4,27.4,2775.9,30.1
51,69,32.6,320,228.7,36.7,3066.197,135.7,31.9,136.5,32.5,2921.565,32
51,70,34.1,332,231.6,38.8,3269.715,132.2,33.8,135.7,32.6,3066.197,31.9
51,71,34.4,339,240.3,40.5,3514.556,131.7,33.6,132.2,34.1,3269.715,33.8
51,72,34.4,345,247,41.8,3975.313,140,33.7,131.7,34.4,3514.556,33.6
51,73,34.4,351,253.8,44.4,4505.285,141.2,36.3,140,34.4,3975.313,33.7
51,74,35.8,362,263.4,49.3,4980.504,145.8,37.8,141.2,34.4,4505.285,36.3
51,75,38.6,377,276,53.8,5455.724,160.7,40.3,145.8,35.8,4980.504,37.8
51,76,42.6,392,288.5,56.9,5985.696,161.5,42.5,160.7,38.6,5455.724,40.3
51,77,43.4,407,300.1,60.6,6640.672,160.4,44.7,161.5,42.6,5985.696,42.5
51,78,49.8,425,314.5,65.2,7609.707,160.3,49.5,160.4,43.4,6640.672,44.7
51,79,51.7,450,332.9,72.6,8482.664,168.6,53.7,160.3,49.8,7609.707,49.5
51,80,55.3,470,343.5,82.4,9402.109,158.1,56.4,168.6,51.7,8482.664,53.7
51,81,55.9,492,358,90.9,10046.75,163.1,59.2,158.1,55.3,9402.109,56.4
51,82,64.3,502,364.7,96.5,10180.02,157.7,65.7,163.1,55.9,10046.75,59.2
51,83,71,514,371.5,99.6,9855.634,141.2,76.5,157.7,64.3,10180.02,65.7
51,84,81.7,511,370.5,103.9,10382.51,128.9,88.5,141.2,71,9855.634,76.5
51,85,87.4,510,369.5,107.6,10839.13,125.7,92.3,128.9,81.7,10382.51,88.5
51,86,97.8,507,368.6,109.6,11089.14,124.8,99.9,125.7,87.4,10839.13,92.3
51,87,102.7,490,357,113.6,11113.93,110.4,106.2,124.8,97.8,11089.14,99.9
51,88,112.9,479,353,118.3,11803,114.3,115.3,110.4,102.7,11113.93,106.2
51,89,118.6,475,352,124,12399,111.4,123,114.3,112.9,11803,115.3
51,90,129.5,470.9,348.9,130.7,13871,96.9,138.9,111.4,118.6,12399,123
51,91,127,477.1,355.2,136.2,14675,109.1,143.6,96.9,129.5,13871,138.9
51,92,155.1,483.3,360.5,140.3,15607,110.8,160,109.1,127,14675,143.6
