id,year,gsp,pcap,hwy,water,util,pc,emp,unemp
1,1970,28418,15032.67,7325.8,1655.68,6051.2,35793.8,1010.5,4.7
1,1971,29375,15501.94,7525.94,1721.02,6254.98,37299.91,1021.9,5.2
1,1972,31303,15972.41,7765.42,1764.75,6442.23,38670.3,1072.3,4.7
1,1973,33430,16406.26,7907.66,1742.41,6756.19,40084.01,1135.5,3.9
1,1974,33749,16762.67,8025.52,1734.85,7002.29,42057.31,1169.8,5.5
1,1975,33604,17316.26,8158.23,1752.27,7405.76,43971.71,1155.4,7.7
1,1976,35764,17732.86,8228.19,1799.74,7704.93,50221.57,1207,6.8
1,1977,37463,18111.93,8365.67,1845.11,7901.15,51084.99,1269.2,7.4
1,1978,39964,18479.74,8510.64,1960.51,8008.59,52604.05,1336.5,6.3
1,1979,40979,18881.49,8640.61,2081.91,8158.97,54525.86,1362,7.1
1,1980,40380,19012.34,8663.5,2138.52,8210.33,56589.16,1356.1,8.8
1,1981,41105,19118.52,8628.83,2218.91,8270.79,56481.93,1347.6,11
1,1982,40328,19118.25,8645.14,2215.84,8257.26,58021.69,1312.5,14
1,1983,42245,19122,8612.47,2230.91,8278.63,58893.97,1328.8,14
1,1984,45118,19257.47,8655.94,2235.16,8366.37,59446.86,1387.7,11
1,1985,46849,19433.36,8726.24,2253.03,8454.09,60688.04,1427.1,8.9
1,1986,48409,19723.37,8813.24,2308.99,8601.14,61628.88,1463.3,9.8
2,1970,19288,10148.42,4556.81,1627.87,3963.75,23585.99,547.4,4.4
2,1971,21040,10560.54,4701.97,1627.34,4231.23,24924.82,581.4,4.7
2,1972,23289,10977.53,4847.84,1614.58,4515.11,26058.65,646.3,4.2
2,1973,25244,11598.26,4963.46,1647.88,4986.92,27304.64,714.5,4.1
2,1974,25698,12129.06,5071.38,1678,5379.69,28829.44,746,5.6
2,1975,24915,12929.06,5163.41,1764.87,6000.77,30243.29,729.1,12
2,1976,26041,13603.89,5249.82,1910.43,6443.63,29384.15,758.7,9.8
2,1977,28110,14175.42,5358.45,1973.48,6843.5,30072.6,809.3,8.2
2,1978,31062,14812.04,5470,2038.3,7303.73,31139.49,895.4,6.1
2,1979,33943,15547.62,5603.12,2132.49,7812.01,32377.41,979.9,5.1
2,1980,34708,16344.9,5720.38,2165.64,8458.88,33769.92,1014,6.7
2,1981,35244,17088.3,5816.05,2265.42,9006.84,36387.15,1040.8,6.1
2,1982,33603,17650.57,5918.5,2377.2,9354.87,37332.09,1029.8,9.9
2,1983,35963,18108.24,6019.87,2513.38,9574.99,37829.83,1077.8,9.1
2,1984,40010,18792.09,6101.45,2574.78,10115.86,38330.02,1181.9,5
2,1985,43350,19414.85,6282.51,2737.37,10394.97,39246.83,1278.6,6.5
2,1986,46058,20212.42,6553.4,2923.15,10735.88,44189.19,1337.8,6.9
3,1970,15392,7613.26,3647.73,644.99,3320.54,19749.63,536.2,5
3,1971,16177,7982.03,3686.95,651.63,3643.44,20636.47,551,5.4
3,1972,17702,8309.01,3780.05,668.5,3860.47,21245.48,581.5,4.6
3,1973,18825,8399.59,3894.77,691.76,3813.06,21654.02,614.5,4.1
3,1974,19287,8512.05,3985.99,726.62,3799.44,22635.84,640.7,4.8
3,1975,19024,8651.26,4051.66,742.5,3857.1,23519.27,623.8,9.5
3,1976,20277,8921.91,4185.4,761.38,3975.13,26158.59,660,7.1
3,1977,21410,9234.85,4316.52,793.54,4124.79,26716.93,695.6,6.6
3,1978,23063,9374.54,4405.68,821.01,4147.86,27428.45,732.7,6.4
3,1979,23501,9554.83,4483.21,859.23,4212.4,28394.22,749.4,6.2
3,1980,23210,9705.24,4531.36,890.41,4283.48,29476.51,742.3,7.6
3,1981,24134,9872.87,4608.72,916.68,4347.47,31235.95,740.1,9.1
3,1982,23462,9919.35,4681.5,905.92,4331.93,32008.74,720.1,9.8
3,1983,24415,9861.76,4662.68,934.14,4264.94,32385.62,741.3,10
3,1984,26512,9754.55,4654.37,934.6,4165.58,32625.51,780.2,8.9
3,1985,27159,9675.47,4639.3,947.04,4089.13,33229.46,797.1,8.7
3,1986,28168,9787.2,4652.71,960.66,4173.84,32889.3,813.8,8.7
4,1970,263933,128545.36,42961.31,17837.26,67746.79,172791.92,6946.2,7.2
4,1971,265600,132263.33,44768.37,18448.04,69046.92,180864.28,6917,8.8
4,1972,281159,134451.52,46045.52,18813.82,69592.17,187587.86,7209.9,7.6
4,1973,293735,135988.4,47064.46,19084.52,69839.43,193535.82,7621.9,7
4,1974,298408,136827.29,47572.52,19092.78,70162,204096.43,7834.3,7.7
4,1975,304518,138487.39,47699.42,19654.53,71133.44,213216.84,7847.2,9.9
4,1976,320160,139514.18,47568.65,20346.64,71598.89,221958.93,8154.2,9.2
4,1977,338040,139910.22,47137.99,21014.45,71757.78,226544.27,8599.7,8.2
4,1978,359603,139408.84,46472.4,21556.85,71379.6,233936.43,9199.8,7.1
4,1979,374928,140217.32,46132.47,22297.31,71787.54,243776.26,9664.6,6.2
4,1980,380221,139776.97,45597.88,22925.93,71253.16,255305.95,9848.8,6.8
4,1981,378436,139662.44,45042.91,23291.36,71328.17,286402.55,9985.3,7.4
4,1982,372541,139232.39,44490.48,23502.43,71239.48,297844.03,9810.3,9.9
4,1983,390528,138535.66,44027.17,23828.67,70679.82,305210.16,9965.8,9.7
4,1984,420525,138101.55,43826.52,23841.32,70433.71,312008.57,10574,7.8
4,1985,444082,138170.93,43566.26,24121.33,70483.33,324335.15,10979,7.2
4,1986,464550,139042.68,43350.54,24592.33,71099.8,363779.7,11258,6.7
5,1970,25689,11402.52,4403.21,2165.03,4834.28,23709.75,750.2,4.4
5,1971,27341,11682.06,4535.52,2166.21,4980.33,25186.8,787,4
5,1972,29624,12010.91,4757.59,2133.49,5119.84,26010.17,869.4,3.6
5,1973,32417,12473.28,4982.21,2206.43,5284.65,27387.44,936,3.4
5,1974,33039,12964.14,5143.73,2312.49,5507.92,28763.31,959.7,3.8
5,1975,33593,13483.92,5223.11,2464.28,5796.53,29939.43,963.5,6.9
5,1976,35223,14090.24,5318.1,2617.61,6154.52,34680.9,1003.4,5.9
5,1977,37429,14736.89,5463.79,2747.31,6525.79,35116.03,1058.1,6.2
5,1978,40522,15240.49,5598.49,2887.92,6754.09,36213.58,1150,5.6
5,1979,42917,15711.11,5705.99,3078.37,6926.75,37674.72,1218,4.8
5,1980,43888,16272.57,5766.89,3274.49,7231.19,39349.98,1251.1,5.9
5,1981,44695,16692.71,5820.52,3564.34,7307.84,45660.95,1295.2,5.5
5,1982,45252,17027.51,5846.02,3719.04,7462.46,47010.56,1316.6,7.7
5,1983,46523,17388.99,5877.85,3898.86,7612.28,47724.11,1327.2,6.6
5,1984,49332,17785.25,5942.8,4000.29,7842.15,48372.91,1402.3,5.6
5,1985,50820,18327.11,6057.5,4153.07,8116.55,49793.31,1418.7,5.9
5,1986,51781,18889.54,6148.8,4340.24,8400.5,47485.05,1408.3,7.4
6,1970,38880,15865.66,7237.14,2208.1,6420.42,24082.38,1197.5,5.6
6,1971,38515,16559.99,7312.24,2406.84,6840.91,25147.44,1164.3,8.9
6,1972,40037,17346.79,7407.46,2642.54,7296.8,26191.58,1190.4,8.2
6,1973,42157,17803.12,7492.12,2741.16,7569.84,27301.99,1238.7,5.7
6,1974,41827,18225.2,7550.75,2881,7793.45,28832.91,1264,6.2
6,1975,39870,18686.78,7585.56,3027.33,8073.9,30306.1,1223.4,9.1
6,1976,41326,18871.06,7587.34,3104.13,8179.59,27628.42,1239.7,9.5
6,1977,42976,18798.54,7501.72,3166.91,8129.91,28268.33,1282.3,7
6,1978,44844,18566.24,7352.08,3194.03,8020.13,29207.04,1346.1,5.3
6,1979,46008,18487.06,7274.07,3294.94,7918.05,30449.45,1398,5.1
6,1980,45949,18385.98,7192,3387.26,7806.72,31844.08,1426.8,5.9
6,1981,47397,18271.34,7103.85,3396.82,7770.67,31895.65,1438.7,6.2
6,1982,47241,18030.08,7017.05,3371.93,7641.11,32967.44,1429.8,6.9
6,1983,50594,17739.88,6959.31,3332.92,7447.65,33668.53,1446.5,6
6,1984,55117,17494.36,6890.73,3300.44,7303.19,34439.31,1520.5,4.6
6,1985,58263,17317.13,6861.64,3313.05,7142.44,35816.37,1562.3,4.9
6,1986,61750,17290.61,6878.14,3314.55,7097.92,40413.22,1604.2,3.8
7,1970,6863,4250.95,2078.95,234.23,1937.77,6108.14,216.8,4.8
7,1971,7399,4405.91,2076.73,230.51,2098.67,6361.22,224.9,5.7
7,1972,7829,4560.71,2105.3,233.59,2221.82,6602.65,232.4,4.7
7,1973,8604,4725.12,2125.88,283.84,2315.4,6892.09,239.4,4.6
7,1974,7777,4927.52,2195.49,324.32,2407.71,7263.84,233.1,6
7,1975,7625,4988.37,2197.46,349.68,2441.23,7624.03,229.9,9.7
7,1976,8061,4959.87,2161.42,358.6,2439.86,7706.19,236.7,8.9
7,1977,8313,4958.47,2158.95,400.11,2399.41,7845.75,238.8,8.4
7,1978,8390,4954.21,2134.89,440.95,2378.38,8100.95,247.8,7.5
7,1979,8360,4936.91,2103.91,482.11,2350.89,8435.96,256.7,8
7,1980,8200,4868.74,2071.23,488.36,2309.14,8811.38,259.2,7.7
7,1981,8344,4825.97,2050.14,491.43,2284.4,9049.52,259.2,7.9
7,1982,8435,4786.37,2038.78,487.77,2259.82,9327.72,259.2,8.5
7,1983,8883,4768.17,2029.77,482.47,2255.93,9486.76,266.1,8.1
7,1984,9347,4743.86,2037.26,483.3,2223.3,9630.61,280,6.2
7,1985,9699,4731.49,2043.62,490.68,2197.2,9921.23,293.4,5.3
7,1986,10072,4716.73,2052.16,492.03,2172.53,10655,303.2,4.3
8,1970,69641,29696.86,12622.3,4174.89,12899.67,57178.05,2152.1,4.4
8,1971,73170,30683.09,12873.62,4282.97,13526.49,60238.01,2276.4,4.9
8,1972,81313,32089.12,13424.21,4318.05,14346.86,62873.97,2513.1,4.5
8,1973,90897,33480.99,13999.7,4268.38,15212.91,66432.27,2778.6,4.3
8,1974,92163,34650.29,14586.91,4281.73,15781.65,70452.68,2863.8,6.2
8,1975,89502,36103.75,15075.13,4446.11,16582.51,73809.64,2746.4,11
8,1976,90957,37942.61,15538.54,4726.01,17678.06,87196.5,2784.3,9
8,1977,95449,39393.89,15790.7,5404.47,18198.72,88699.63,2933.2,8.2
8,1978,103064,40859.4,15985.09,6123.84,18750.48,91517.51,3180.6,6.6
8,1979,109121,42107.13,16220.82,6625.71,19260.59,95108.5,3381.2,6
8,1980,113857,43192.98,16457.76,6998.35,19736.88,99248.64,3576.2,5.9
8,1981,118145,44311.68,16724.87,7430.67,20156.15,108486.86,3736,6.8
8,1982,118301,45492,16952.95,7814.59,20724.45,111867.96,3761.9,8.2
8,1983,126322,47116.82,17282.36,8183.58,21650.87,113951.55,3905.4,8.6
8,1984,136572,48538.98,17597.76,8483.89,22457.33,116417.2,4204.2,6.3
8,1985,145171,50336.63,17888.08,8767.52,23681.04,120719.68,4410,6
8,1986,152269,52309.37,18290.06,9172.05,24847.26,135673.02,4599.4,5.7
9,1970,43105,18270.44,7999.19,2092.77,8178.48,41597.8,1557.5,4.1
9,1971,45438,19275.62,8213.17,2148.43,8914.03,43732.94,1602.9,3.9
9,1972,49402,20167.45,8433.38,2165.53,9568.54,45402.82,1695.2,4.1
9,1973,52824,21015.05,8676.01,2267.56,10071.47,47422.01,1802.5,3.9
9,1974,52390,21882.27,9004.13,2519.94,10358.19,49969.83,1827.5,5
9,1975,50900,22713.54,9192.85,2797.47,10723.22,52261.84,1755.7,8.6
9,1976,54469,23556.37,9445.52,3029.37,11081.48,56287.82,1839.1,8.1
9,1977,58085,24124.15,9623.51,3177.03,11323.6,56992.14,1926.4,6.9
9,1978,61607,24622.13,9745.86,3240.48,11635.78,58642.67,2050.1,5.7
9,1979,63825,25631.2,10054.77,3347.57,12228.86,60866.47,2127.5,5.1
9,1980,64216,26685.37,10289.71,3461.48,12934.18,63341.08,2159.4,6.4
9,1981,66352,27546.85,10501.58,3574.39,13470.89,67537.87,2198.6,6.4
9,1982,66766,28209.03,10620.04,3669.58,13919.41,69347.75,2201.5,7.8
9,1983,71485,28996.86,10985.78,3808.7,14202.38,70436.24,2279.5,7.5
9,1984,78797,29702.75,11236.24,3896.84,14569.68,71624.33,2448.7,6
9,1985,83461,30068.26,11292.92,3926.96,14848.38,73979.66,2569.8,6.5
9,1986,88827,30991.33,11563.64,4024.23,15403.46,83458.28,2672.4,5.9
10,1970,7175,3410.22,2193.99,267.56,948.67,9202.07,207.8,5.8
10,1971,7255,3579.67,2276.68,256.47,1046.52,9488.47,217.1,6.3
10,1972,7898,3676.22,2353.72,247.87,1074.64,9756.4,236.5,6.2
10,1973,8352,3737.66,2399.18,236.98,1101.51,10251.95,251.7,5.6
10,1974,8970,3813.94,2467.04,228.46,1118.44,10725.66,266.8,6
10,1975,9099,3942.37,2531.4,229.86,1181.11,11134.59,273,6.2
10,1976,9709,4105.58,2563.07,249.94,1292.56,12401.79,291,5.7
10,1977,9967,4255.84,2606.65,271.88,1377.31,12498.22,307.4,6.1
10,1978,10828,4398.05,2674.18,289.18,1434.7,12813.38,331.3,5.6
10,1979,10924,4522.19,2724.98,298.74,1498.47,13264.09,338,5.6
10,1980,11002,4605.7,2740.64,324.21,1540.85,13771.17,330,7.9
10,1981,10959,4667.31,2753.25,337.06,1577,13808.97,327.8,7.5
10,1982,10432,4699.95,2749.25,347.34,1603.36,14020.3,312.2,9.9
10,1983,10879,4710.03,2756.72,359.68,1593.63,14028.64,317.9,9.8
10,1984,11262,4769.76,2794.78,376.04,1598.95,14049.02,330.5,7.2
10,1985,11815,4819.32,2838.03,382.94,1598.36,14290.67,336,8
10,1986,11672,4890.92,2886.07,406.41,1598.44,13612.16,328.2,8.7
11,1970,145792,52197.49,23582.87,6361.94,22252.68,114860.83,4345.6,4.1
11,1971,148503,53805.62,23841.66,6579.1,23384.86,119783.11,4296.4,5.1
11,1972,154413,55540.36,24602.76,6675.74,24261.85,124239.59,4314.8,5.1
11,1973,163125,57288.3,25448.17,6807.99,25032.14,129514.1,4466.9,4.1
11,1974,161725,58984.18,25806.09,7107,26071.09,136292.35,4545.7,4.5
11,1975,157366,60139.25,26068.87,7342.22,26728.17,142558.62,4418.9,7.1
11,1976,163112,61104.4,26325.26,7522.85,27256.29,140831.43,4565.7,6.5
11,1977,168627,62200.83,26835.52,7669.6,27695.71,146285.62,4655.5,6.2
11,1978,173767,63096.48,27300.22,8004.98,27791.28,150855.46,4788.8,6
11,1979,173817,63642.81,27247.22,8491.35,27904.24,156751.98,4880,5.5
11,1980,165722,64003.03,27237.54,9047.41,27718.08,163355.48,4850.3,8.3
11,1981,166029,64549.3,27406.33,9523.64,27619.33,150688.85,4732.3,8.5
11,1982,159778,65064.2,27568.5,10218,27277.69,154806.13,4593.3,11
11,1983,160856,64751.99,27483,10436.04,26832.94,157095.8,4530.6,11
11,1984,173602,64460.25,27590.53,10485.73,26383.99,159388,4672.3,9.1
11,1985,178493,64487.38,27811.57,10532.95,26142.86,164794.5,4755.3,9
11,1986,183849,64726.05,28101.57,10577.77,26046.72,161198.99,4790.7,8.1
12,1970,56769,20813.65,8904.96,2814.86,9093.83,63646.79,1849,5
12,1971,58540,21665.6,9140.25,2919.6,9605.74,65528.57,1841.1,5.7
12,1972,61613,22368.04,9391.29,2929.94,10046.81,67722.97,1921.9,4.5
12,1973,66534,23230.94,9696.29,2947.49,10587.15,70189.83,2028.1,4.2
12,1974,64313,23652.3,9913.98,2918.14,10820.17,73448.9,2031.4,5.9
12,1975,61200,23945.55,10038.12,2932.54,10974.88,76823.26,1941.7,8.6
12,1976,65479,24259.12,10178.36,3017.66,11063.1,74736.15,2023.8,6.1
12,1977,68832,24506.31,10409.08,3014.11,11083.12,77477.95,2114,5.7
12,1978,71717,24639.62,10518.94,3026.38,11094.31,79763.07,2205.5,5.7
12,1979,72047,24744.99,10536,3082.76,11126.23,82742.13,2236.3,6.4
12,1980,67930,24799.68,10574.03,3142.24,11083.41,86012.21,2129.5,9.6
12,1981,68135,24976.64,10619.58,3210.15,11146.9,80364.43,2114.4,10
12,1982,64042,25108.79,10618.71,3297.4,11192.68,82361.44,2028,12
12,1983,65211,24983.98,10558.11,3284.13,11141.74,83359.59,2029.5,11
12,1984,70975,24835.6,10481.99,3311.04,11042.58,83946.98,2122.3,8.6
12,1985,73392,24905.94,10532.65,3376.2,10997.08,85849.71,2168.6,7.9
12,1986,75924,24924.85,10567.2,3377.17,10980.47,87053.98,2221.8,6.8
13,1970,29173,14728.51,8684.87,1377.5,4666.14,33400.46,876.9,3.7
13,1971,29312,15311.03,8926.99,1451.36,4932.67,34819.44,882.7,4.2
13,1972,31159,15657.48,9144.08,1508.06,5005.33,35846.9,912.3,3.6
13,1973,33798,16006.47,9424.4,1508.45,5073.62,37693.89,961.3,2.9
13,1974,33591,16159.2,9571.66,1518,5069.54,39460.57,999,3
13,1975,34378,16414.32,9677.48,1567.76,5169.08,41068.52,998.7,4.3
13,1976,35752,16766.52,9770.03,1682.16,5314.33,43868.88,1036.9,4
13,1977,37277,17166.76,9948.06,1822.71,5395.98,46649.69,1079.2,4
13,1978,39087,17407.43,10038.99,1972.05,5396.38,47977.54,1119.2,4
13,1979,39863,17722.68,10112.22,2114.49,5495.97,49653.76,1131.7,4.1
13,1980,38919,17928.92,10183.36,2148.16,5597.4,51530.31,1109.9,5.8
13,1981,40630,18050.52,10188.72,2154.55,5707.25,47985.77,1088.6,6.9
13,1982,37634,18141.76,10187.89,2132.8,5821.07,48698.55,1041.9,8.5
13,1983,35937,18240.5,10187.06,2184.02,5869.42,48731.5,1040.4,8.1
13,1984,38704,18203.48,10197.84,2252.53,5753.11,48741.81,1074.7,7
13,1985,39344,18288.61,10286.39,2319.88,5682.34,49781.83,1074.2,8
13,1986,40425,18436.18,10397.5,2393.84,5644.84,43209.95,1073.8,7
14,1970,26311,11115.57,5988.83,1449.42,3677.32,33207.74,678.8,4.8
14,1971,26950,11595.03,6098.1,1515.59,3981.34,34117.09,677.8,5.5
14,1972,28330,11854.06,6226.46,1527.8,4099.8,34862.71,717.5,4
14,1973,29486,12137.4,6368.52,1513.71,4255.17,36179.12,763.3,3.1
14,1974,29506,12412.46,6488.52,1542.5,4381.44,37588.65,790,3.5
14,1975,29530,12792.34,6542.8,1599.35,4650.19,38828.22,801.2,4.6
14,1976,30655,13023.89,6628.42,1632.99,4762.47,41282.58,834.8,4.2
14,1977,31032,13386.6,6753.55,1691.7,4941.35,41246.04,871,4.1
14,1978,32232,13726.24,6830.98,1757.29,5137.97,42277.86,912.5,3
14,1979,33680,14157.68,6863.58,1838.2,5455.9,43689.61,946.8,3.4
14,1980,32844,14479.94,6919.83,1889.43,5670.69,45281.71,944.7,4.5
14,1981,33707,14855.02,7018.71,1953.03,5883.27,47858.83,949.7,4.2
14,1982,33287,15082.15,7104.16,2018.15,5959.84,49569.38,921.4,6.3
14,1983,33638,15062.88,7150.68,2053.86,5858.35,49688.66,921.6,6.1
14,1984,35582,15116.06,7177.68,2121.44,5816.94,49959.27,960.8,5.2
14,1985,36560,15145.49,7222.85,2181.94,5740.71,51037.85,967.9,5
14,1986,37783,15216.66,7310.79,2232.58,5673.29,51347.26,984.8,5.4
15,1970,32182,16035.09,9021.31,1706.76,5307.01,30525.64,910.1,5
15,1971,33276,16706.92,9280.45,1711.3,5715.17,31822.72,931.5,5.5
15,1972,35351,17169.23,9606.59,1708.68,5853.96,32994.5,988.3,4.8
15,1973,37305,17697.13,10008.41,1723.18,5965.55,34039.58,1038.6,4.4
15,1974,37458,18263.75,10372.71,1773.45,6117.59,35741.89,1065.9,4.5
15,1975,36717,18624.45,10505.77,1906.71,6211.97,37366.28,1057.6,7.3
15,1976,39138,18945.26,10588,2019.97,6337.29,41587.55,1103.1,5.6
15,1977,41137,19294.6,10701.7,2124.99,6467.91,42985.92,1148.3,4.7
15,1978,43098,19572.86,10809.85,2169.76,6593.24,44402.66,1209.9,5.2
15,1979,44188,19948.68,11017.87,2246.22,6684.6,46082.95,1245.4,5.6
15,1980,42637,20585.01,11367.36,2363.19,6854.46,47878.44,1210,8
15,1981,43595,21116.39,11721.16,2400.49,6994.74,47983.96,1196,8.4
15,1982,42286,21308.34,11933.89,2390.23,6984.21,49141.96,1160.7,11
15,1983,42668,21162.34,12008.09,2365.05,6789.2,49720.78,1152.3,12
15,1984,45998,21032.34,12056.3,2350.25,6625.79,50066.78,1213.8,9.3
15,1985,46753,21052.49,12171.63,2355.38,6525.48,51135.28,1250.3,9.5
15,1986,47502,20959.34,12139.07,2338.37,6481.89,51911.38,1274.1,9.3
16,1970,62666,19638.31,9891.38,2660.82,7086.12,97802.38,1033.6,6.6
16,1971,64851,20066.64,10162.65,2734.98,7169,99483.9,1055.9,7
16,1972,67439,20887.68,10392.2,2770.17,7725.31,100299.59,1128.6,6.1
16,1973,67100,21408.2,10606.21,2733.22,8068.78,101336.45,1176.1,6
16,1974,64919,21787.15,10805.89,2713.92,8267.34,103761.88,1220.8,6.7
16,1975,63128,22175.86,10983.6,2721.5,8470.76,106564.55,1249.5,7.4
16,1976,66338,22682.17,11273.56,2819.43,8589.19,100358.47,1314.4,6.8
16,1977,68209,23389.41,11634.15,2937.22,8818.04,102931.73,1364.6,7
16,1978,72221,24102.46,11981.51,3051.01,9069.94,106574.97,1463.5,7
16,1979,73681,24446.12,12128.07,3108.48,9209.56,111082.3,1517.4,6.7
16,1980,75312,24568.45,12107.67,3093.48,9367.3,117127.42,1578.9,6.7
16,1981,77342,24789.76,12157.9,3067.08,9564.78,117911.54,1630.5,8.4
16,1982,75743,25087,12262.86,3102.91,9721.23,124453.54,1607,10
16,1983,72535,25422.96,12448.15,3123.98,9850.82,128610.28,1565.2,12
16,1984,75349,25932.73,12825.32,3144.81,9962.6,130129.72,1601.5,10
16,1985,73777,26477.79,13131.09,3213.47,10133.22,133300.12,1591.2,12
16,1986,68508,26617.47,13271.71,3275.03,10070.74,134624.42,1518.5,13
17,1970,8844,3868.87,2206.79,482.69,1179.39,9305.13,332.2,5.7
17,1971,8958,3999.86,2256.43,494.98,1248.46,9582.6,332.3,7.6
17,1972,9449,4167.61,2335.08,505.6,1326.92,9906.21,343.7,7
17,1973,9949,4272.26,2427.57,515.68,1329.01,10255.45,354.8,5.9
17,1974,9976,4394.33,2485.16,549.75,1359.42,10747.95,361.5,6.7
17,1975,9672,4529.86,2515.26,579.48,1435.12,11224.5,356.9,10
17,1976,10555,4593.66,2518.41,610.57,1464.69,11017.15,375.3,8.9
17,1977,10916,4662.84,2521.78,673.27,1467.79,11201.57,387.8,8.4
17,1978,11434,4813.68,2531.39,862.79,1419.5,11494.06,405.6,6.2
17,1979,11765,4931.13,2541.84,983.92,1405.36,11929.56,415.9,7.2
17,1980,11731,4991.87,2553.75,1023.49,1414.64,12404.6,418.3,7.8
17,1981,12013,5009.05,2559.1,1040.72,1409.24,11733.6,419.2,7.2
17,1982,12099,4976.6,2536.96,1032.93,1406.72,12095.07,415.5,8.6
17,1983,12813,4952.99,2540.19,1023.46,1389.35,12308.54,425,9
17,1984,13652,4941.74,2536.66,1017.56,1387.53,12475.82,445.7,6.1
17,1985,14238,4942.55,2526.87,1037.07,1378.6,12817.15,458.4,5.4
17,1986,15056,4939.7,2535.26,1044.48,1359.97,13919.23,477.4,5.3
18,1970,42971,19145.01,7466.91,4107.45,7570.64,29115.59,1349.2,3.3
18,1971,44111,20023.61,7761.21,4151.61,8110.79,30631.2,1371.5,4.2
18,1972,46121,21126.69,8191.56,4165.89,8769.25,31964.23,1415,4.7
18,1973,48728,22060.79,8386.45,4296.63,9377.71,33413.53,1471.5,3.5
18,1974,48514,23017.84,8733.95,4422.23,9861.66,35364.63,1493.6,3.7
18,1975,47751,24189.5,9088.64,4637.77,10463.09,37135.88,1479.3,6.9
18,1976,49228,25322.85,9328.2,4974.62,11020.03,35089.36,1498.3,6.8
18,1977,50507,26238.15,9610.83,5189.16,11438.15,35875.05,1545.6,6.1
18,1978,52317,26910.22,9813.67,5266.61,11829.94,37068.32,1625.8,5.6
18,1979,52804,27644.44,9951.82,5454.99,12237.64,38627.83,1691.3,5.9
18,1980,52361,28081.96,10018,5557.2,12506.75,40397.33,1711.8,6.5
18,1981,53231,28715.84,10118.32,5713.03,12884.49,40578.02,1715.8,7.3
18,1982,52583,28850.43,10160.71,5787.9,12901.82,41844.34,1675.8,8.4
18,1983,55323,29101.83,10461.03,5776.88,12863.92,42589.53,1724.1,6.9
18,1984,58925,29214.12,10668.97,5683.73,12861.42,43493.99,1814,5.4
18,1985,62179,29451.52,10845.28,5946.06,12660.18,45119.15,1887.8,4.6
18,1986,65408,29577.46,10983.19,5892.33,12701.94,49257.92,1952,4.5
19,1970,64429,21923.28,8541.89,2240.2,11141.18,37917.57,2243.5,4.6
19,1971,65276,23177.83,8871.26,2363.06,11943.51,39727.03,2211.4,6.6
19,1972,68096,24385.09,9022.56,2540.81,12821.72,41461.37,2251.7,6.4
19,1973,70876,25765.21,9033.16,2755.1,13976.94,43388.76,2333.5,6.7
19,1974,68955,27100.33,9074.66,2863.37,15162.3,45943.04,2353.7,7.2
19,1975,66448,28204.28,9114.56,2980.54,16109.18,48221.47,2273.1,11
19,1976,68467,28752.82,9101.4,3198.66,16452.76,45024.55,2323.5,9.5
19,1977,71258,29171.97,9098.1,3366.41,16707.46,46061.69,2416,8.1
19,1978,73575,29202.12,9123.64,3466.1,16612.37,47564.53,2526.3,6.1
19,1979,75180,29455.5,9169.85,3718.09,16567.56,49564.81,2603.5,5.5
19,1980,75289,29999.21,9146.15,4015.43,16837.63,51862.37,2652.2,5.6
19,1981,77490,30166.12,9094.17,4216.05,16855.91,54146.22,2668.3,6.4
19,1982,77166,30190.87,9076.55,4277.85,16836.47,55990.97,2638,7.9
19,1983,82489,30221.77,9034.17,4320.64,16866.96,57244.08,2692.5,6.9
19,1984,90684,30352.69,9031.48,4381.02,16940.19,58684.77,2851.8,4.8
19,1985,96698,30497.51,9004.18,4451.55,17041.78,61180.21,2926,3.9
19,1986,102279,30795.56,8984.76,4558.94,17251.86,69574.24,2984.8,3.8
20,1970,102172,44684.82,17924.92,8380.48,18379.42,84755.95,2999,6.7
20,1971,107116,45993.77,18238.74,8564.69,19190.33,87827.03,2995,7.6
20,1972,113837,46772.91,18423.57,8947.32,19402.02,91039.26,3118.9,7
20,1973,122991,47923.55,18834.46,9556.35,19532.75,94302.49,3284.3,5.8
20,1974,115796,48793.43,19160.95,9887.32,19745.17,99072.42,3277.6,8.7
20,1975,109217,49789.59,19397.17,10081.01,20311.41,103711.23,3136.6,13
20,1976,119929,50687.49,19591.79,10233.82,20861.88,104330.83,3283,9.4
20,1977,129279,51302.34,19800.72,10369.21,21132.41,106687.08,3442.3,8.2
20,1978,135247,51494.34,19980.26,10350.29,21163.79,109995.68,3609.4,6.9
20,1979,132845,51707.36,20002.83,10486.26,21218.27,114436.69,3637.1,7.8
20,1980,121360,51922.35,19996.38,10644.23,21281.74,119398.08,3442.8,12
20,1981,118356,52276.4,20024.11,10900.24,21352.04,112346.2,3364.4,12
20,1982,108627,51955.88,19881.31,10758.53,21316.04,115911.34,3193.3,16
20,1983,114259,51305.62,19714.51,10578.52,21012.58,118105.75,3223.1,14
20,1984,123886,50724.55,19505.44,10584.32,20634.78,119778.97,3381,11
20,1985,131417,50392.79,19397.92,10390.41,20604.47,123249.89,3561.5,9.9
20,1986,136433,49879.29,19184.17,10178.05,20517.06,125148.83,3657.3,8.8
21,1970,41734,21948.43,10284.33,3682.74,7981.36,43287.56,1315.3,4.2
21,1971,42467,23056.36,10735.9,3740.41,8580.04,45132.89,1310.2,4.4
21,1972,44123,24023.53,11014.64,3790.75,9218.14,46882.97,1357.1,4.3
21,1973,47805,24731.18,11172.43,3809.76,9748.98,48841.94,1436.1,4.4
21,1974,47482,25333.93,11367.22,3945.05,10021.65,51426.02,1481,4.3
21,1975,46967,25910.97,11555.19,3999.7,10356.08,53798.39,1474.4,5.9
21,1976,48795,26485.99,11620.28,4141.07,10724.65,49634.58,1520.9,5.9
21,1977,51661,27080.21,11748.5,4290.67,11041.03,51784.08,1597.3,5.1
21,1978,54138,27464.67,11880.62,4455.08,11128.96,53517.11,1689.3,3.8
21,1979,56239,27832.95,11985.82,4611.99,11235.14,55679.83,1767,4.2
21,1980,55874,28055.27,12074.92,4721.44,11258.9,58050.22,1770.2,5.9
21,1981,56748,28460.94,12164.09,4787.78,11509.07,58041.33,1761.3,5.5
21,1982,55919,28590.72,12212.26,4834.17,11544.29,59374.92,1707.3,7.8
21,1983,57167,28694.1,12279.25,4914.92,11499.93,59871.42,1718.4,8.2
21,1984,62730,28718.02,12413.96,4898.92,11405.14,60369.4,1819.8,6.3
21,1985,65463,28959.43,12569.74,4852.34,11537.35,61935.21,1864.8,6
21,1986,68117,29241,12752.43,4809.57,11679.01,60525.85,1892.5,5.3
22,1970,17306,10016.07,4936.56,824.65,4254.87,22569.14,583.9,4.8
22,1971,18027,10497.82,5114.5,861.51,4521.82,23557.96,602.2,4.8
22,1972,19340,10844.14,5323.04,887.66,4633.44,24157.5,649.3,3.9
22,1973,20605,11076.23,5491.42,923.12,4661.69,24473.04,693.2,3.6
22,1974,20208,11239.45,5639.29,951.12,4649.04,25485.57,710.8,4.1
22,1975,20184,11515.56,5738.05,1011.4,4766.11,26426.83,692.3,8.3
22,1976,22282,11799.74,5844.97,1072.13,4882.64,28130.16,727.5,6.6
22,1977,23628,12061.45,6029.9,1100.06,4931.48,28447.98,765.9,7.4
22,1978,24880,12274.39,6182.76,1101.6,4990.03,29243.06,813.7,7.1
22,1979,25611,12384.91,6224.01,1135.35,5025.54,30326.78,838.1,5.8
22,1980,25082,12454.04,6267.28,1122.82,5063.94,31541.4,829.3,7.5
22,1981,26017,12547.36,6352.24,1111.96,5083.17,32193.92,819.1,8.3
22,1982,25537,12603.35,6422.29,1117.05,5064.02,33198.66,790.9,11
22,1983,25570,12613.88,6517.93,1129.55,4966.4,33751.34,792.8,13
22,1984,27342,12509.37,6583.29,1117.48,4808.6,34052.06,820.8,11
22,1985,27778,12430.11,6621.01,1108.22,4700.88,34822.24,838.9,10
22,1986,27987,12411.36,6654.31,1138.91,4618.14,34116.19,848.2,12
23,1970,50196,19464.98,9512.8,2571.06,7381.12,43905.35,1668,3.3
23,1971,51945,20393.17,9928.55,2701.12,7763.5,46044.28,1660.8,4.9
23,1972,54198,21288.19,10282.11,2803.23,8202.85,47785.13,1700.1,4.2
23,1973,56789,22079.1,10518.19,2798.25,8762.66,49585.63,1770.6,3.7
23,1974,55056,22475.35,10658.22,2787.58,9029.55,52270.92,1789.5,4.5
23,1975,53932,22839.32,10880.54,2774.79,9183.98,54632.86,1740.6,6.2
23,1976,57183,23032.56,10949.45,2804.81,9278.3,54083.75,1797.8,6.2
23,1977,60424,23236.14,11026.81,2899.28,9310.05,55279.22,1861.8,5.9
23,1978,63375,23393.53,11140.36,3006.6,9246.57,56916.63,1953.1,5
23,1979,64333,23545.2,11165.62,3174.4,9205.17,59048.79,2011.1,4.5
23,1980,61574,23670.64,11257.64,3244.45,9168.55,61409.73,1969.8,7.2
23,1981,62540,23947.15,11287.89,3375.57,9283.69,61738.44,1956.3,7.7
23,1982,61226,24084.48,11257.3,3526.02,9301.16,63186.99,1922.4,9.2
23,1983,63655,23957.04,11186.57,3560.48,9209.99,63907.08,1937,9.9
23,1984,68490,23782.61,11168.62,3544.61,9069.39,64752.02,2032.7,7.2
23,1985,70830,23761.7,11134.25,3572.77,9054.68,66783.29,2094.7,6.4
23,1986,72629,23855.97,11224.66,3593.45,9037.86,68087.26,2142.6,6.1
24,1970,7896,4782.64,3372.27,366.92,1043.45,14320.39,199.1,5.5
24,1971,7829,4956.96,3517.01,371.39,1068.56,14461.39,204.8,6.3
24,1972,8524,5095.7,3657.76,368.85,1069.09,14730.06,215.3,6.2
24,1973,8948,5241.43,3786.46,360.64,1094.33,15347.47,224.2,6.3
24,1974,9176,5420.38,3881.28,406.51,1132.59,15871.08,234,6.7
24,1975,9288,5487.68,3885.38,428.87,1173.43,16347.55,238.1,6.4
24,1976,9524,5536.46,3863.19,459.07,1214.2,18140.99,251.1,6.1
24,1977,9675,5628.09,3886.33,497.77,1243.99,18199.92,264.8,6.4
24,1978,10580,5756.96,3964.73,519.63,1272.61,18653.37,280.4,6.2
24,1979,10952,5871.16,3999.93,530.18,1341.06,19264.06,283.8,5.1
24,1980,11114,5945.22,3997.37,533.84,1414.02,19941.84,280.4,6.1
24,1981,11394,6004.93,4003.21,534.09,1467.63,19265.48,281.8,6.9
24,1982,11007,6027.25,4030.51,531.54,1465.2,19724.98,273.7,8.6
24,1983,10911,5967.63,4007.25,530.62,1429.77,19877.97,276,8.8
24,1984,10817,5957.83,4013.08,533.75,1410.99,19888.7,281.1,7.4
24,1985,10323,6024.85,4046.68,553.46,1424.71,20199.1,279.1,7.7
24,1986,10763,6117.91,4085.04,575.89,1456.97,19414.55,275.4,8.1
25,1970,16067,9235.03,4134.55,1065.95,4034.52,19160.51,484.3,3.1
25,1971,16648,9759.43,4227.15,1071.08,4461.2,19747.34,490.8,3.6
25,1972,17429,10291.33,4373.59,1042.1,4875.63,20268.79,517,3.4
25,1973,18284,10785.36,4469.52,1042.23,5273.6,21324.54,541.3,3.3
25,1974,18151,11293.48,4574.39,1082.39,5636.69,22286.74,562.1,3.8
25,1975,18717,11814.03,4667.1,1136.5,6010.44,23106.64,557.8,4.2
25,1976,19189,12436.57,4740.46,1263.78,6432.33,24592.23,572.1,3.3
25,1977,19563,12902.62,4831.06,1277.91,6793.64,24992.27,593.7,3.7
25,1978,20298,13482.42,4911.27,1301.78,7269.37,25629.4,609.9,3
25,1979,20943,14181.26,4985.51,1374.67,7821.08,26477.07,631.2,3.2
25,1980,20575,14619.96,5048.29,1407.61,8164.06,27424.29,627.6,4.1
25,1981,21777,14897.42,5106.4,1449.25,8341.77,29177.88,623.2,4.1
25,1982,21244,15039.75,5138.4,1440.27,8461.08,29566.74,609.8,6.1
25,1983,20647,15088.99,5188.05,1442.72,8458.22,29555.66,610.8,5.7
25,1984,22164,15027.98,5215.73,1422.43,8389.81,29573.43,635.4,4.4
25,1985,23300,14981.5,5281.8,1408.58,8291.11,30189.6,650.5,5.5
25,1986,23673,14974.69,5344.81,1399.2,8230.68,28468.92,652.5,5
26,1970,7354,3768.6,1993.17,464.21,1311.21,10805.73,203.3,5.9
26,1971,7599,3877.35,2042.4,481.2,1353.76,11252.01,210.5,7
26,1972,8076,4033.14,2094.25,508.15,1430.73,11706.31,223.4,7
26,1973,8774,4160.79,2116.82,508.31,1535.66,12261.06,244.6,6.2
26,1974,8861,4296.97,2155.53,513.74,1627.7,12901.95,256.1,7.5
26,1975,9084,4402.1,2158.46,514.36,1729.28,13377.1,263.1,9.7
26,1976,9720,4500.21,2165.37,538.63,1796.21,15048.03,279.8,9
26,1977,10673,4574.27,2174.66,572.23,1827.37,15231.21,308.2,7
26,1978,12233,4646.28,2195.82,606.32,1844.14,15437.13,350.3,4.4
26,1979,13343,4766.05,2243.79,616.74,1905.53,15781.26,383.7,5.1
26,1980,13991,4935.36,2276.73,711.72,1946.91,16264.91,399.9,6.2
26,1981,14365,5188.56,2321.8,839.08,2027.68,17556.21,411.2,7.1
26,1982,13796,5381.96,2368.03,886.05,2127.88,17981.16,401.1,10
26,1983,14103,5500.17,2389.52,918.29,2192.36,18297.17,402.8,9.8
26,1984,14790,5695,2455.39,997.68,2241.92,18813.07,426,7.8
26,1985,15474,5856.9,2508.07,1049.48,2299.35,19705.62,446.4,8
26,1986,16092,6003,2574.74,1082.71,2345.55,22724.26,468.1,6
27,1970,6852,3085.49,1889.29,254.57,941.63,5957.55,258.5,3.3
27,1971,7042,3247.53,1943.53,275.04,1028.95,6436.54,259.9,4.7
27,1972,7516,3419.24,2008.2,302.67,1108.37,6680.89,278.5,4.5
27,1973,8098,3559.45,2057.3,322.28,1179.87,6965.5,297.8,3.9
27,1974,8016,3688.39,2124.83,372.7,1190.86,7332.32,300.3,3.6
27,1975,7819,3783.91,2167.52,397.66,1218.73,7671.07,292.8,9
27,1976,8470,3915.38,2214.32,428.63,1272.44,7536.15,313.4,6.4
27,1977,9084,4084.04,2257.39,476.3,1350.35,7674.13,337.1,5.9
27,1978,10002,4223.59,2301.79,511.67,1410.14,7886.88,359.6,3.8
27,1979,10572,4329.97,2333.25,567.87,1428.85,8200.74,378.5,3.1
27,1980,10738,4348.94,2342.18,560.2,1446.56,8562.82,385.4,4.7
27,1981,11332,4369.35,2344.09,578.84,1446.42,9134.69,394.6,5
27,1982,11606,4353.02,2330.25,607.17,1415.59,9412.72,394.4,7.4
27,1983,12743,4333.41,2314.9,622.69,1395.82,9575.38,409.5,5.4
27,1984,14100,4324.98,2327.25,624.39,1373.34,9751.27,441.5,4.3
27,1985,15541,4316.63,2337.76,633.79,1345.08,10057.05,466,3.9
27,1986,17073,4331.54,2350.11,637.52,1343.91,11863.55,490.1,2.8
28,1970,86366,24857.74,10385.59,3963.35,10508.8,57996.4,2606.2,4.6
28,1971,89073,26627.68,11262.24,4101.37,11264.07,59928.09,2607.6,5.7
28,1972,93384,28256.83,12060.09,4189.13,12007.61,62437.39,2672.5,5.8
28,1973,97847,29544.99,12813.13,4386.79,12345.07,65220.99,2759.7,5.6
28,1974,94864,30629.69,13495.55,4408.03,12726.11,68911.99,2783,6.9
28,1975,90693,31830.65,13945.5,4522.4,13362.75,72364.36,2699.9,10
28,1976,94049,32396.14,14014.03,4615.85,13766.27,65688.1,2753.7,10
28,1977,97370,32775.77,13955.12,4803.28,14017.37,67158.09,2836.9,9.4
28,1978,101593,33066.76,13788.65,5095.3,14182.81,69360.18,2961.9,7.2
28,1979,103350,33268.6,13644.05,5404.27,14220.29,72312.47,3027.2,6.9
28,1980,102571,33625.27,13558.33,5776.42,14290.51,75670.48,3060.4,7.2
28,1981,105835,33794.24,13439.86,6029.86,14324.53,77193.36,3098.9,7.3
28,1982,106705,34144.85,13293.91,6255.3,14595.64,79782.27,3092.8,9
28,1983,113408,34320.27,13343.43,6279.97,14696.88,81590.08,3165.1,7.8
28,1984,121388,34385.92,13415,6284.28,14686.65,83749.02,3329.2,6.2
28,1985,126460,34528.53,13486.99,6391.51,14650.02,87514.13,3414.1,5.7
28,1986,133468,34675.69,13719.05,6368.17,14588.46,95540.08,3489.9,5
29,1970,12837,6082.2,3256.77,802.99,2022.44,18909.26,292.6,5.9
29,1971,13284,6195.5,3341.9,824.19,2029.41,19467.69,305.7,6.2
29,1972,13874,6238.49,3385.03,800.31,2053.14,19864.93,327.5,5.8
29,1973,14588,6326.03,3442.98,779.31,2103.74,20592.77,346,5.7
29,1974,15247,6367.27,3446.34,784.57,2136.37,21314.16,360.2,6.3
29,1975,15541,6447.38,3460.85,808.88,2177.66,21958.76,370.2,10
29,1976,15932,6606.97,3474.94,883.33,2248.71,23919.97,390,9.1
29,1977,16932,6724.71,3501.57,890.22,2332.92,24441.46,415.4,7.8
29,1978,18122,6786.25,3494.83,896.99,2394.43,25269.39,444.3,5.7
29,1979,19078,6902.83,3515.79,923.86,2463.18,26247.31,461,6.6
29,1980,19664,7104.7,3579.76,972.35,2552.6,27361.11,465.4,7.5
29,1981,20265,7296.53,3615.48,1017.38,2663.68,26939.76,475.5,7.3
29,1982,20023,7402.21,3631.09,1039.88,2731.23,28025.98,473.6,9.2
29,1983,20283,7634.64,3739.57,1071.49,2823.58,28657.43,479.5,10
29,1984,21331,7904.32,3877.09,1117.34,2909.89,28916.61,502.8,7.5
29,1985,21741,8228.31,4028.1,1150.52,3049.69,29544.48,520.2,8.8
29,1986,21154,8483.37,4096.28,1198.64,3188.45,30208.23,525.9,9.2
30,1970,242791,106893.49,34674.49,10536.87,61682.14,136663.66,7156.4,4.5
30,1971,245018,110931.96,35397.65,11005.89,64528.42,142795.91,7011.4,6.6
30,1972,251249,115957.66,36040.1,11844.87,68072.7,149415.66,7038.5,6.7
30,1973,258498,121450.05,36678.41,12806.81,71964.82,157017.53,7132.2,5.4
30,1974,250208,126498.16,36709.33,14026.58,75762.25,166920.58,7077.1,6.3
30,1975,242463,131097.03,36931.52,15461.48,78704.03,175080.71,6829.9,9.5
30,1976,245161,134166.03,36848.64,16674.44,80642.95,153578.05,6789.5,10
30,1977,251092,134701.89,36486.69,17487.05,80728.14,156804.67,6857.6,9.1
30,1978,254194,134632.83,36064.57,18001.42,80566.85,162223.44,7044.5,7.7
30,1979,254314,134765.25,35899.56,18904.65,79961.03,169324.73,7179.4,7.1
30,1980,249770,134166.71,35837.95,19440.64,78888.13,177499.16,7207.1,7.5
30,1981,256199,133207.7,35638.22,20032.22,77537.26,173471.27,7287.3,7.6
30,1982,255686,132189.18,35797.68,20063.48,76328.03,179574.26,7254.6,8.6
30,1983,267916,131808.83,35777.56,20119.85,75911.43,183921.34,7313.3,8.6
30,1984,285080,131365.12,35970.24,20223.34,75171.54,189443.48,7570.4,7.2
30,1985,296381,131529.92,36063.88,20459.67,75006.37,199426.84,7751.3,6.5
30,1986,309273,132203.02,36270.34,20695.61,75237.07,199092.6,7907.9,6.3
31,1970,48047,16840,7670.09,2354.23,6815.68,43497.41,1782.7,4.3
31,1971,50127,17688.47,8035.21,2409.62,7243.65,46378.35,1813.8,4.8
31,1972,54624,18419.02,8433.57,2437.58,7547.86,48129.87,1911.9,4
31,1973,57975,19081.72,8810.08,2458.58,7813.07,49858.52,2018.1,3.5
31,1974,57546,19701.02,9185.2,2511.72,8004.09,52460.28,2048.2,4.5
31,1975,56288,20334.13,9347.54,2626.44,8360.16,54990.14,1979.9,8.6
31,1976,59462,21062.44,9478.41,2794.7,8789.33,57959.71,2082.7,6.2
31,1977,62681,22029.51,9749.47,3027.51,9252.54,59106.74,2170.4,5.9
31,1978,66409,22652,9915.07,3236.38,9500.55,60848.16,2277.4,4.3
31,1979,68039,23305.83,10151.65,3386.9,9767.29,63150.19,2373,4.8
31,1980,68065,24164.71,10342.92,3529.3,10292.49,65641.48,2380,6.6
31,1981,70395,24576.1,10401.46,3674.75,10499.9,67293.41,2391.6,6.4
31,1982,69128,24698.58,10322,3776.84,10599.74,69071.06,2347,9
31,1983,73553,24700.31,10211.41,3848.75,10640.14,70037.15,2419.2,8.9
31,1984,80020,24674.17,10160.18,3881.92,10632.06,70834.5,2565.2,6.7
31,1985,83170,24744.19,10119.46,3934.05,10690.68,72753.04,2651.2,5.4
31,1986,87371,25179.37,10143.7,4011.37,11024.3,84000.92,2744.1,5.3
32,1970,6024,4173.07,2716.99,307.77,1148.3,11571.8,163.6,4.6
32,1971,6551,4226.31,2740.92,312.24,1173.15,11843.02,167,5.3
32,1972,7015,4302.57,2816.25,312.1,1174.22,12036.32,176.1,4.9
32,1973,8120,4330.52,2834.21,309.31,1187.01,12675.35,183.9,5.1
32,1974,8000,4404.4,2888.67,324.15,1191.58,13112.72,193.8,3
32,1975,8267,4458.28,2903.68,331.88,1222.72,13488.09,203.6,3.6
32,1976,8167,4492.23,2903.34,348.23,1240.67,15078.43,215,3.6
32,1977,8077,4573.94,2943.62,369.74,1260.58,15049.51,221.1,4.8
32,1978,9020,4628.15,2985.13,393.92,1249.1,15397.12,234,4.8
32,1979,9562,4704.64,3011.56,431.75,1261.33,15889.87,244.2,3.7
32,1980,9525,4798.61,3050.67,465.06,1282.89,16426.81,245.2,5
32,1981,10532,4888.2,3070.19,499.31,1318.7,20919.99,249.4,5
32,1982,10293,4893,3065,509.81,1318.18,21461.22,249.7,5.9
32,1983,9700,4929.21,3061.18,523.49,1344.54,21655.24,250.6,5.6
32,1984,10043,4929.23,3054.36,531.07,1343.81,21663.82,252.5,5.1
32,1985,9884,4968.32,3087.35,540.84,1340.13,22019.74,252,5.9
32,1986,9806,5014.77,3125.82,545.24,1343.7,21556.51,249.9,6.3
33,1970,121293,48317.68,23653.22,8042.87,16621.59,106396.06,3880.7,5.4
33,1971,122871,50241.05,24331.77,8185.73,17723.55,110274.99,3839.6,6.5
33,1972,128649,51395.75,24733.59,8222.16,18440,114219.33,3938.4,5.5
33,1973,137636,52356.39,24882.94,8181.22,19292.23,118487.46,4112.9,4.3
33,1974,134923,52834.75,24967.19,8073.31,19794.25,124345.66,4169.4,5
33,1975,127128,53464.68,25063.58,8154.51,20246.59,130164.06,4016.2,9.1
33,1976,133697,54188.05,24980.44,8182.63,21024.99,123122.24,4094.6,7.8
33,1977,140466,54969.48,24924.3,8163.67,21881.51,126663.68,4230.1,6.5
33,1978,146947,55391.11,24781.45,8188.06,22421.61,130514.81,4394.9,5.4
33,1979,147766,56115.22,24696.32,8735.81,22683.09,135552.69,4484.8,5.9
33,1980,140782,56513.62,24562.73,9220.96,22729.93,141143.03,4367.4,8.4
33,1981,141743,56980.17,24343.52,9746.7,22889.95,130138.76,4317.7,9.6
33,1982,134204,57101.01,24029.59,10083.59,22987.83,133828.4,4124.3,13
33,1983,137411,56929.04,23773.55,10340.46,22815.02,135942.45,4092.5,12
33,1984,147979,56648.46,23606.36,10301.22,22740.88,137605.78,4260.2,9.4
33,1985,152689,56463.31,23826.13,10347.15,22290.03,141449.34,4372.9,8.9
33,1986,156541,56283.12,23755.8,10438.18,22089.14,139129.61,4471.4,8.1
34,1970,33262,11168.19,5732.8,1486.5,3948.89,38990.92,762.6,4.4
34,1971,33879,11478.15,5929.05,1490.06,4059.04,40190.7,774.4,4.9
34,1972,35190,11680.58,5994.3,1490.32,4195.95,40932.34,811.9,4.5
34,1973,36333,11832.9,5697.07,1502.23,4633.6,41815.94,851.9,4.2
34,1974,36110,12026.61,5821.31,1504.27,4701.03,43288.99,886.9,4.4
34,1975,35967,12396.49,5890.24,1563.42,4942.83,44637.52,899.7,7.2
34,1976,37376,12730.82,5926.67,1582.08,5222.08,49044.39,931.1,5.6
34,1977,39235,12979.01,5936.34,1660.13,5382.55,49679.55,971.5,5
34,1978,41564,13229.51,5972.49,1772.14,5484.88,51180.23,1035.7,3.9
34,1979,43535,13492.11,6001.28,1874.55,5616.29,53110.66,1087.9,3.4
34,1980,44944,13835.66,6039.31,1978.89,5817.46,55318.19,1138.1,4.8
34,1981,47236,14248.02,6072.15,2074.79,6101.08,63264.52,1201.2,3.6
34,1982,48700,14564.32,6131.31,2093.83,6339.19,65824.58,1216.9,5.7
34,1983,46425,14766.51,6159.51,2107.75,6499.26,67358.6,1170.6,9
34,1984,47499,15088.88,6263.83,2163.79,6661.26,68096.06,1180.3,7
34,1985,47178,15480.8,6331.49,2296.72,6852.59,69848.25,1165.3,7.1
34,1986,45928,15891.09,6405.81,2469.94,7015.33,64625.86,1124.4,8.2
35,1970,22350,11143.64,5522.14,1700.12,3921.39,22546.05,710.5,6.2
35,1971,23280,11481.58,5641.79,1727.2,4112.59,23425.25,729.1,6.6
35,1972,25356,11830.75,5868.4,1804.21,4158.15,24286.22,774.7,5.7
35,1973,26976,12150.51,6085.11,1824.76,4240.64,25304.46,816.2,5.3
35,1974,27744,12912.83,6313.44,1862,4737.4,26641.39,838.2,7.5
35,1975,27474,13214.8,6322.44,1964.9,4927.46,27836.41,837.4,11
35,1976,29559,13671.14,6354.98,2114.32,5201.85,30422.64,878.5,9.5
35,1977,31397,13976.13,6408.58,2228.32,5339.24,31180.19,936.9,7.4
35,1978,33793,14350.99,6376.73,2333.49,5640.77,32072.2,1009.2,6.1
35,1979,35296,14724.22,6372.79,2486.81,5864.62,33272.01,1056,6.8
35,1980,34762,15020.05,6373.7,2595.82,6050.53,34618.64,1044.6,8.3
35,1981,33614,15420.55,6437.47,2735.99,6247.1,36469.81,1018.7,9.9
35,1982,31148,15666.86,6498.98,2809.85,6358.04,37341.17,961.1,12
35,1983,31899,15743.83,6563.95,2871.3,6308.57,37792.98,966.7,11
35,1984,33747,15759.04,6589.36,2876.97,6292.7,38276.78,1006.9,9.4
35,1985,34769,15844.49,6639.98,2914.08,6290.43,39308.4,1030,8.8
35,1986,35934,15947.63,6716.47,2930.22,6300.93,37419.6,1058.5,8.5
36,1970,129967,50428.35,21507.1,6873.42,22047.83,105738.93,4351.6,4.5
36,1971,130120,53374.91,22873.38,7025.09,23476.44,109965.27,4291.3,5.4
36,1972,136028,56250.56,24070.94,7202.57,24977.05,114031.51,4400,5.4
36,1973,142970,58090.06,24636.92,7318.54,26134.6,118691.16,4506.5,4.8
36,1974,140616,59430.51,25171.81,7373.42,26885.28,124688.11,4514.6,5.1
36,1975,135828,60860.6,25623.54,7590.82,27646.23,130578.37,4435.8,8.3
36,1976,140178,61871.02,26024.77,7755.33,28090.92,124414.86,4512.8,7.9
36,1977,144091,62830.91,26341.98,7927.55,28561.39,127274.82,4565.2,7.7
36,1978,148130,62861.36,26307.55,8126.83,28426.98,131212.42,4716.2,6.9
36,1979,149431,62652.44,26037.41,8359.35,28255.68,136305.43,4806.1,6.9
36,1980,145367,62617.53,25614.52,8656.53,28346.47,141870.43,4753.1,7.8
36,1981,146570,62440.58,25108.39,8987.35,28344.83,132965.78,4728.9,8.4
36,1982,141282,62061.65,24753.64,9231.4,28076.61,136800.58,4580.1,11
36,1983,143923,61479.97,24476.17,9208.68,27795.12,139072.15,4524.3,12
36,1984,151405,61158.43,24200.25,9085.6,27872.58,141054.14,4654.8,9.1
36,1985,155809,60661.77,23961.42,8915.94,27784.41,145339.04,4730.3,8
36,1986,160862,60244.69,23854.84,8826.75,27563.1,145433.99,4790.9,6.8
37,1970,9824,4310.22,2264.59,572.26,1473.37,5437.28,344.1,5.2
37,1971,9849,4451.24,2278.2,591.72,1581.31,5610.11,342.8,6.8
37,1972,10247,4493.55,2224.36,571.84,1697.34,5845.79,358.1,6.5
37,1973,10496,4498.12,2179.26,563.72,1755.15,6109.18,365.9,6.2
37,1974,9888,4490.52,2164.89,555.89,1769.75,6470.03,367,7.3
37,1975,9433,4463.83,2139.15,554.58,1770.11,6799.79,349.2,11
37,1976,9968,4437.89,2095.73,561.1,1781.06,6123.78,366.7,8.1
37,1977,10323,4443.85,2052.8,589.14,1801.9,6286.71,381.7,8.6
37,1978,10610,4442.7,2016.8,656.02,1769.88,6499.15,395.8,6.6
37,1979,10734,4430.52,1988.83,693.61,1748.08,6803.93,400,6.6
37,1980,10518,4411.81,1959.41,727.15,1725.25,7154.94,398.3,7.2
37,1981,10848,4396.28,1928.9,754.45,1712.92,7057.35,401.4,7.6
37,1982,10592,4342.85,1906.68,765.37,1670.79,7323.77,390.5,10
37,1983,11022,4302.36,1878.8,769.74,1653.83,7503.27,396.3,8.3
37,1984,12011,4251.45,1860.02,761.93,1629.5,7684.1,416.4,5.3
37,1985,12572,4230.74,1860.07,779.73,1590.94,8001.04,429.2,4.9
37,1986,13283,4254.36,1884.02,800.83,1569.5,8191.84,442.5,4
38,1970,20924,8250.43,4003.53,1094.79,3152.11,24322.74,842,5
38,1971,21626,8694.41,4102.9,1188.11,3403.39,26387.6,862.6,5.3
38,1972,23156,9115.22,4235.03,1352.97,3527.22,27298.7,920.3,4.2
38,1973,24919,9554.06,4348.79,1474.87,3730.4,28224.77,984,3.7
38,1974,25153,10014.14,4508.21,1562.14,3943.79,29549.55,1015.8,4.5
38,1975,24483,10637.46,4644.35,1639.24,4353.87,30901.75,982.6,8.7
38,1976,26304,11097.59,4728.06,1665.89,4703.64,34992.84,1038.1,6.9
38,1977,27791,11500.56,4766.46,1673.79,5060.31,35544.29,1081.7,7.2
38,1978,29587,11653.18,4715.39,1676.79,5260.99,36518.61,1137.5,5.7
38,1979,30989,11911.5,4700.13,1744.9,5466.48,37807.33,1176,5
38,1980,31303,12263.76,4689.82,1804.03,5769.91,39198.08,1188.8,6.9
38,1981,32533,12577.08,4671.24,1838.99,6066.85,40311.84,1196.4,8.4
38,1982,31940,12972.01,4633.78,1932.6,6405.63,41342.05,1162.3,11
38,1983,33914,13110.97,4522.2,1997.51,6591.27,41914.56,1189,10
38,1984,36736,13172.84,4448.16,2086.57,6638.11,42318.87,1262.5,7.1
38,1985,37687,13211.81,4462.6,2131.34,6617.87,43299.52,1296.2,6.8
38,1986,39281,13391.24,4491.38,2181.72,6718.14,48248.27,1338,6.2
39,1970,5864,4173.17,3034.09,258.85,880.23,9202.46,175.4,3.3
39,1971,6065,4261.98,3081.08,268.64,912.26,9436.08,179,3.7
39,1972,6481,4333.46,3131.49,261.19,940.78,9688.61,189.9,3.7
39,1973,7048,4407.53,3145.05,270.82,991.66,10017.65,199.1,3.3
39,1974,6936,4501.83,3195.26,272.96,1033.61,10458.03,206.6,3.5
39,1975,7154,4630.2,3238.72,279.35,1112.12,10832.66,209.3,3.7
39,1976,6922,4732.91,3256.92,287.71,1188.28,11153.46,218.6,3.4
39,1977,7411,4840.82,3291.01,286.76,1263.05,11058.96,226.6,3.3
39,1978,7800,4895.63,3274.12,290.55,1330.97,11324.24,236.6,3
39,1979,8164,4998.02,3263.74,308.57,1425.71,11686.06,241.4,3.5
39,1980,7841,5067.5,3244.97,327.55,1494.98,12084.49,238,4.9
39,1981,8009,5125.45,3228.59,349.02,1547.83,11911.36,236,5.1
39,1982,7835,5178.56,3222.48,372.98,1583.1,12036.85,230.2,5.5
39,1983,7660,5162.24,3201.09,394.14,1567.01,11996.73,235.3,5.4
39,1984,8200,5146.61,3199.35,406.21,1541.04,11982.06,247,4.3
39,1985,8418,5148.18,3211.4,422.71,1514.07,12209.44,249.4,5.1
39,1986,8760,5281.22,3231.13,523.95,1526.14,11305.15,251.9,4.7
40,1970,34769,20949.51,9280.24,2787.57,8881.7,38417.96,1327.6,4.8
40,1971,36771,21687.41,9506.84,2869.86,9310.7,40374.38,1356.8,5
40,1972,40403,22448.25,9660.19,3084.42,9703.64,41983.03,1450.1,3.6
40,1973,43424,22886.75,9744.11,3117.33,10025.31,43491.51,1531.1,3
40,1974,43052,23184.46,9861.13,3152,10171.34,45836.89,1558.2,3.9
40,1975,42098,23972.49,9981.1,3422.44,10568.95,48060.68,1505.7,8.3
40,1976,45309,24632.07,10093.2,3612.72,10926.15,51076.68,1575.4,6
40,1977,47941,25153.79,10262.04,3728.89,11162.86,52181.92,1648.1,6.3
40,1978,51630,25444.07,10346.22,3836.06,11261.78,53812.7,1737,5.8
40,1979,52759,25820.64,10412.39,3996.54,11411.71,55904.1,1777.3,5.8
40,1980,51810,26011.9,10468.24,4055.87,11487.78,58207.51,1746.6,7.3
40,1981,52804,26321.05,10514.67,4196.88,11609.5,58678.19,1755.4,9.1
40,1982,51967,26467.14,10529.66,4342.69,11594.79,60244.5,1703,12
40,1983,54217,26394.65,10509.67,4476.56,11408.41,61160.01,1719,12
40,1984,58810,26261.07,10523.47,4538.01,11199.59,62031.97,1812,8.6
40,1985,61337,26236.06,10639.21,4527.33,11069.53,63885.31,1867.8,8
40,1986,64124,26281.46,10744.85,4533.62,11003,65065.24,1929.8,8
41,1970,160922,53639.88,25941.91,8352.71,19345.25,213676.41,3624.9,4.4
41,1971,164088,55700.45,26813.21,8689.06,20198.19,220715.86,3683.5,4.9
41,1972,172360,57213.27,27558.66,8884.14,20770.47,224933.82,3884.4,4.5
41,1973,183467,59134.01,28414.53,8972.86,21746.62,229705.43,4141.7,3.9
41,1974,189079,60974.12,28683.18,9108.26,23182.68,237780.47,4360.2,4.3
41,1975,193920,62734.61,28964.12,9410.71,24359.78,245917.64,4462.9,5.6
41,1976,205542,64422.93,29304.44,9852.87,25265.62,270830.23,4683.7,5.7
41,1977,218733,65863.92,29426.06,10229.27,26208.59,274770.61,4906.8,5.3
41,1978,232319,67133.78,29487.23,10579.21,27067.33,283942.5,5271.6,4.8
41,1979,240424,69034.04,29851,11113.25,28069.78,295486.62,5601.8,4.2
41,1980,244359,71409.31,30308.65,11992.75,29107.92,308526.88,5851.2,5.2
41,1981,254691,74168.05,30933.18,12624.39,30610.47,334167.45,6180,5.3
41,1982,254508,76260.44,31570.69,13030.77,31658.99,349440.59,6263.4,6.9
41,1983,257245,78159.02,32349.61,13466.37,32343.03,359069.09,6193.6,8
41,1984,273685,80067.98,32880.15,13775.33,33412.51,364324.47,6492.4,5.9
41,1985,283388,82196.09,33234.72,14101.13,34860.23,375341.6,6663.1,7
41,1986,276313,84303.17,33451.67,14704.89,36146.6,362209.94,6564.2,8.9
42,1970,10750,6494.16,3117.57,652.4,2724.19,11252.62,357,6.1
42,1971,11242,6666.03,3281.38,639.42,2745.23,11621.13,369.3,6.4
42,1972,12083,6773.32,3381.43,626.52,2765.36,11981.62,393,6.1
42,1973,12850,6928.74,3497.85,599.48,2831.4,12493.5,414.8,5.7
42,1974,13267,7072.53,3583.37,592.91,2896.24,13079.28,434.1,5.9
42,1975,13482,7239.52,3626.31,599.94,3013.28,13616.96,440.3,6.5
42,1976,14315,7373.63,3624.95,606.43,3142.26,16090.73,462.8,5.7
42,1977,15324,7547.71,3670.07,608.15,3269.49,16584.22,488.7,5.3
42,1978,16611,7716.92,3711.33,632.13,3373.46,17142.71,525.4,3.8
42,1979,17291,7893.14,3721.36,672.08,3499.69,17874.79,548.4,4.3
42,1980,17639,8057.45,3734.37,706.28,3616.81,18707.02,550.8,6.3
42,1981,18093,8334.41,3801.07,723.09,3810.25,19165.89,558,6.7
42,1982,17892,8606.09,3841.88,727.72,4036.49,19798.38,560.9,7.8
42,1983,18570,8908.45,3867.21,731.4,4309.84,20132.57,566.9,9.2
42,1984,20177,9453.63,3925.74,746.32,4781.57,20339.64,601.2,6.5
42,1985,20920,10311.4,4014.23,807.78,5489.39,20850.77,624.3,5.9
42,1986,21193,11392,4150.02,867.39,6374.59,22757.3,634.1,6
43,1970,4354,2627.12,1827.14,261.49,538.49,4052.71,147.9,4.9
43,1971,4438,2756.19,1881.33,256.48,618.38,4250.3,148.1,6.8
43,1972,4611,2894.58,1940.72,264.67,689.19,4402.86,153.6,6.5
43,1973,4801,2967.25,1965.24,272.79,729.22,4577.6,161.3,5.6
43,1974,4652,3025.15,2004.94,276.93,743.27,4806.48,162.8,6.9
43,1975,4528,3083.07,2014.34,276.54,792.19,5017.84,162.1,9.4
43,1976,4760,3075.61,2009.05,268.07,798.49,4790.14,168.4,8.7
43,1977,4913,3055.26,1998.08,262.76,794.41,4805.94,178.4,7
43,1978,5363,3019.42,1989.61,255.73,774.08,4926.2,190.6,5.9
43,1979,5569,3020.06,1968.36,261.21,790.48,5105.86,197.9,5.1
43,1980,5634,3032.36,1941.41,269.08,821.87,5308.11,200.1,6.4
43,1981,5875,3016.79,1912.68,280.15,823.96,5514.75,204.3,5.7
43,1982,5871,2983.19,1875.51,287.47,820.21,5671.16,202.9,6.9
43,1983,6261,2950.98,1857.38,292,801.59,5756.72,206.4,6.9
43,1984,6669,2927.85,1847.43,304.49,775.93,5832.7,214.9,5.2
43,1985,7142,2925.39,1838.69,323.36,763.34,6001.79,224.7,4.8
43,1986,7585,2936.44,1830.16,335.51,770.78,6939.39,234.4,4.7
44,1970,48269,20732.56,11264.21,2677.11,6791.24,34706.84,1518.9,3.4
44,1971,50049,21582.28,11608.6,2716.73,7256.95,36795.57,1567.2,3.6
44,1972,52927,22348.28,11917.89,2788.37,7642.02,38243.38,1655.2,3.6
44,1973,56762,22927,12172.65,2853.28,7901.07,39992.09,1753.4,3.6
44,1974,57441,23570.72,12581.86,2903.27,8085.6,42155.45,1804.3,4
44,1975,57290,24524.64,13035.16,3042.39,8447.1,44147.96,1778.7,6.4
44,1976,60122,25440.39,13397.64,3306.99,8735.77,48475.72,1848.1,5.9
44,1977,63151,26020.05,13663.61,3556.38,8800.06,49402.95,1930.4,5.3
44,1978,66445,26621.8,13983.04,3787.02,8851.74,50991.39,2033.5,5.4
44,1979,68123,27058.08,14155.94,3969.02,8933.12,53106.81,2115,4.7
44,1980,68787,27606.76,14326.92,4212.09,9067.75,55464.07,2157.2,5
44,1981,70711,27993.19,14398.22,4404.46,9190.51,57163.94,2160.8,6.1
44,1982,70375,28206.71,14410.54,4615.59,9180.58,58820.49,2146.4,7.7
44,1983,74360,28109.5,14296.38,4742.34,9070.77,59774.36,2206.9,6.1
44,1984,79329,28031.46,14265.9,4743.87,9021.7,60756.37,2333.3,5
44,1985,83143,27922.62,14248.7,4740.24,8933.68,62710.66,2454.7,5.6
44,1986,88171,28000.68,14253.92,4786.93,8959.83,71355.78,2557.7,5
45,1970,39224,25751.49,8657.13,3436.6,13657.76,37406.43,1079.4,9.1
45,1971,38966,26775.46,9022.43,3514.56,14238.46,39258.7,1064.5,10
45,1972,40535,27853.91,9398.12,3556.74,14899.05,40764.39,1100.1,9.5
45,1973,43470,28392.6,9681.89,3549.61,15161.1,42227.19,1152.3,7.7
45,1974,45385,29137.6,10078.96,3651.21,15407.43,44463.18,1199.1,7.2
45,1975,46367,29497.89,10208.42,3728.15,15561.32,46519.96,1225.7,9.5
45,1976,48697,29997.51,10297.58,3849.45,15850.49,50312.3,1282.9,8.7
45,1977,51511,30862.78,10279.83,4336.53,16246.42,51506.38,1367,8.8
45,1978,56875,31968.1,10394.74,4759.35,16814.01,52994.95,1485.4,6.9
45,1979,60175,33454.73,10470.75,4823.12,18160.86,54907.23,1581.2,6.8
45,1980,59796,35106.09,10631.04,4916.6,19558.46,57001.52,1608.3,7.9
45,1981,58977,36528,10769.82,4963.37,20794.81,60190.96,1612,9.5
45,1982,56745,37941.5,10912.53,4852.84,22176.13,61677.79,1568.6,12
45,1983,58828,39515.57,11058.86,4830.54,23626.17,62465.52,1586.1,11
45,1984,61507,40454.47,11335.77,4817.01,24301.68,63256.31,1659.6,9.5
45,1985,63664,40775.81,11478.52,4890.4,24406.9,64929.03,1710.4,8.1
45,1986,67158,41136.36,11738.08,5042.96,24355.32,66033.81,1769.9,8.2
46,1970,18063,6482.87,4049.12,594.58,1839.17,24310.26,516.5,6.1
46,1971,18438,7051.17,4439.47,573.2,2038.49,25312.77,520,6.5
46,1972,19314,7652.54,4937.39,568.23,2146.91,26202.33,540.5,6.5
46,1973,19741,8245.21,5519.66,562.16,2163.39,27227.32,561.6,5.7
46,1974,19041,8735.95,6023.03,552.03,2160.88,28458.57,572.4,5.9
46,1975,19029,9220.62,6401.46,555.39,2263.77,29691.14,574.7,8.5
46,1976,20292,9624.86,6667.31,571.1,2386.45,32491.78,596.3,7.5
46,1977,21193,9942.15,6874.36,571.08,2496.71,33448.52,611.6,7.1
46,1978,22036,10115.55,6973.03,577.99,2564.53,34622.97,633.1,6.2
46,1979,22592,10457.33,7117.63,598.26,2741.45,35916.4,658.6,6.7
46,1980,22349,10705.18,7254.08,607.48,2843.63,37252.5,645.9,7.9
46,1981,22053,10943.56,7400.82,636.76,2905.97,34681.29,628.5,11
46,1982,21370,11059.62,7502.31,686.36,2870.96,35504.01,607.8,14
46,1983,20822,11078.85,7550.99,756.21,2771.64,35932.73,582.3,18
46,1984,21615,11072.89,7561.72,808.86,2702.3,36068.2,596.6,15
46,1985,21629,11000.7,7542.71,821.89,2636.1,36549.44,597.2,13
46,1986,21705,10984.38,7544.99,834.01,2605.38,35781.74,597.5,12
47,1970,45301,23565.08,9690.08,3968.16,9906.84,39311,1530.4,3.9
47,1971,46505,24271.67,9903.02,3987.8,10380.86,40880.5,1525.4,4.5
47,1972,48879,24747.06,10041.03,3995.29,10710.74,42260.97,1580.8,4.2
47,1973,52062,25226.91,10214.01,4078,10934.89,43778.56,1660.5,4.1
47,1974,51830,25539.33,10420.38,4170.32,10948.63,45934.43,1703.4,4.6
47,1975,50930,25799.34,10502.77,4290.18,11006.39,47948.09,1676.8,6.9
47,1976,53853,25842.14,10498.44,4359.98,10983.72,48872.43,1725.9,5.6
47,1977,57055,25945.01,10554.33,4401.65,10989.03,50089.81,1798.9,4.9
47,1978,59908,25858.17,10580.21,4415.95,10862.01,51469.93,1887,5.1
47,1979,61689,25885.94,10564.08,4500.91,10820.95,53386.11,1960.2,4.5
47,1980,60255,25894.16,10593.25,4507.19,10793.72,55505.34,1938.1,7.2
47,1981,60815,25984.74,10647.18,4586.04,10751.52,54915.52,1923.2,7.8
47,1982,59558,26034.63,10705.66,4668.07,10660.9,56262.51,1866.7,11
47,1983,61053,26289.52,10843.84,4789.47,10656.21,56912.51,1864.6,10
47,1984,65461,26225.89,10830.84,4956.72,10438.33,57440.23,1949.2,7.3
47,1985,67469,26304.98,10872.29,5140.45,10292.24,58904.79,1983.1,7.2
47,1986,70171,26400.6,10848.68,5292.62,10259.3,60241.65,2023.9,7
48,1970,7924,3674.01,2696.26,282.35,695.41,14309.75,108.3,4.5
48,1971,7504,3701.91,2736.69,275.04,690.19,14459.14,111,4.5
48,1972,7807,3701.91,2760.91,270.68,670.32,14583.78,117.3,4
48,1973,8067,3722.93,2785.44,261.83,675.66,14936.34,126.1,3.5
48,1974,8831,3732.09,2804.6,258.49,669,15284.9,136.5,3.6
48,1975,8949,3772.46,2796.67,262.73,713.06,15670,146,4.2
48,1976,9057,3884.01,2804.28,273.45,806.27,19539.47,156.5,4.1
48,1977,9779,4037.03,2898.34,291.64,847.04,19977.67,170.5,3.6
48,1978,11038,4115.61,2920.85,294.73,900.04,20760.24,187.4,3.3
48,1979,11988,4268.71,2950.53,313.47,1004.71,21643.5,200.7,2.8
48,1980,13027,4399.69,2979.23,338.06,1082.4,22628.22,210.2,4
48,1981,13717,4572.67,3005.62,379.19,1187.86,26330.2,223.5,4.1
48,1982,13056,4731.98,3060.64,408.43,1262.9,27724.96,217.7,5.8
48,1983,11922,4950.82,3119.98,445.59,1385.25,28586.46,202.5,8.4
48,1984,12073,5184.73,3195.68,476.57,1512.48,28794.8,204.3,6.3
48,1985,12022,5448.38,3295.92,523.01,1629.45,29326.94,206.9,7.1
48,1986,10870,5700.41,3400.96,565.58,1733.88,27110.51,196.3,9
